id_ent,name_ent,id_mun,name_mun,name_ent_short
01,Aguascalientes,001,Aguascalientes,AGS
01,Aguascalientes,002,Asientos,AGS
01,Aguascalientes,003,Calvillo,AGS
01,Aguascalientes,004,Cosío,AGS
01,Aguascalientes,005,Jesús María,AGS
01,Aguascalientes,006,Pabellón de Arteaga,AGS
01,Aguascalientes,007,Rincón de Romos,AGS
01,Aguascalientes,008,San José de Gracia,AGS
01,Aguascalientes,009,Tepezalá,AGS
01,Aguascalientes,010,El Llano,AGS
01,Aguascalientes,011,San Francisco de los Romo,AGS
02,Baja California,001,Ensenada,BC
02,Baja California,002,Mexicali,BC
02,Baja California,003,Tecate,BC
02,Baja California,004,Tijuana,BC
02,Baja California,005,Playas de Rosarito,BC
03,Baja California Sur,001,Comondú,BCS
03,Baja California Sur,002,Mulegé,BCS
03,Baja California Sur,003,La Paz,BCS
03,Baja California Sur,008,Los Cabos,BCS
03,Baja California Sur,009,Loreto,BCS
04,Campeche,001,Calkiní,CAMP
04,Campeche,002,Campeche,CAMP
04,Campeche,003,Carmen,CAMP
04,Campeche,004,Champotón,CAMP
04,Campeche,005,Hecelchakán,CAMP
04,Campeche,006,Hopelchén,CAMP
04,Campeche,007,Palizada,CAMP
04,Campeche,008,Tenabo,CAMP
04,Campeche,009,Escárcega,CAMP
04,Campeche,010,Calakmul,CAMP
04,Campeche,011,Candelaria,CAMP
05,Coahuila de Zaragoza,001,Abasolo,COAH
05,Coahuila de Zaragoza,002,Acuña,COAH
05,Coahuila de Zaragoza,003,Allende,COAH
05,Coahuila de Zaragoza,004,Arteaga,COAH
05,Coahuila de Zaragoza,005,Candela,COAH
05,Coahuila de Zaragoza,006,Castaños,COAH
05,Coahuila de Zaragoza,007,Cuatro Ciénegas,COAH
05,Coahuila de Zaragoza,008,Escobedo,COAH
05,Coahuila de Zaragoza,009,Francisco I. Madero,COAH
05,Coahuila de Zaragoza,010,Frontera,COAH
05,Coahuila de Zaragoza,011,General Cepeda,COAH
05,Coahuila de Zaragoza,012,Guerrero,COAH
05,Coahuila de Zaragoza,013,Hidalgo,COAH
05,Coahuila de Zaragoza,014,Jiménez,COAH
05,Coahuila de Zaragoza,015,Juárez,COAH
05,Coahuila de Zaragoza,016,Lamadrid,COAH
05,Coahuila de Zaragoza,017,Matamoros,COAH
05,Coahuila de Zaragoza,018,Monclova,COAH
05,Coahuila de Zaragoza,019,Morelos,COAH
05,Coahuila de Zaragoza,020,Múzquiz,COAH
05,Coahuila de Zaragoza,021,Nadadores,COAH
05,Coahuila de Zaragoza,022,Nava,COAH
05,Coahuila de Zaragoza,023,Ocampo,COAH
05,Coahuila de Zaragoza,024,Parras,COAH
05,Coahuila de Zaragoza,025,Piedras Negras,COAH
05,Coahuila de Zaragoza,026,Progreso,COAH
05,Coahuila de Zaragoza,027,Ramos Arizpe,COAH
05,Coahuila de Zaragoza,028,Sabinas,COAH
05,Coahuila de Zaragoza,029,Sacramento,COAH
05,Coahuila de Zaragoza,030,Saltillo,COAH
05,Coahuila de Zaragoza,031,San Buenaventura,COAH
05,Coahuila de Zaragoza,032,San Juan de Sabinas,COAH
05,Coahuila de Zaragoza,033,San Pedro,COAH
05,Coahuila de Zaragoza,034,Sierra Mojada,COAH
05,Coahuila de Zaragoza,035,Torreón,COAH
05,Coahuila de Zaragoza,036,Viesca,COAH
05,Coahuila de Zaragoza,037,Villa Unión,COAH
05,Coahuila de Zaragoza,038,Zaragoza,COAH
06,Colima,001,Armería,COL
06,Colima,002,Colima,COL
06,Colima,003,Comala,COL
06,Colima,004,Coquimatlán,COL
06,Colima,005,Cuauhtémoc,COL
06,Colima,006,Ixtlahuacán,COL
06,Colima,007,Manzanillo,COL
06,Colima,008,Minatitlán,COL
06,Colima,009,Tecomán,COL
06,Colima,010,Villa de Álvarez,COL
07,Chiapas,001,Acacoyagua,CHIS
07,Chiapas,002,Acala,CHIS
07,Chiapas,003,Acapetahua,CHIS
07,Chiapas,004,Altamirano,CHIS
07,Chiapas,005,Amatán,CHIS
07,Chiapas,006,Amatenango de la Frontera,CHIS
07,Chiapas,007,Amatenango del Valle,CHIS
07,Chiapas,008,Angel Albino Corzo,CHIS
07,Chiapas,009,Arriaga,CHIS
07,Chiapas,010,Bejucal de Ocampo,CHIS
07,Chiapas,011,Bella Vista,CHIS
07,Chiapas,012,Berriozábal,CHIS
07,Chiapas,013,Bochil,CHIS
07,Chiapas,014,El Bosque,CHIS
07,Chiapas,015,Cacahoatán,CHIS
07,Chiapas,016,Catazajá,CHIS
07,Chiapas,017,Cintalapa,CHIS
07,Chiapas,018,Coapilla,CHIS
07,Chiapas,019,Comitán de Domínguez,CHIS
07,Chiapas,020,La Concordia,CHIS
07,Chiapas,021,Copainalá,CHIS
07,Chiapas,022,Chalchihuitán,CHIS
07,Chiapas,023,Chamula,CHIS
07,Chiapas,024,Chanal,CHIS
07,Chiapas,025,Chapultenango,CHIS
07,Chiapas,026,Chenalhó,CHIS
07,Chiapas,027,Chiapa de Corzo,CHIS
07,Chiapas,028,Chiapilla,CHIS
07,Chiapas,029,Chicoasén,CHIS
07,Chiapas,030,Chicomuselo,CHIS
07,Chiapas,031,Chilón,CHIS
07,Chiapas,032,Escuintla,CHIS
07,Chiapas,033,Francisco León,CHIS
07,Chiapas,034,Frontera Comalapa,CHIS
07,Chiapas,035,Frontera Hidalgo,CHIS
07,Chiapas,036,La Grandeza,CHIS
07,Chiapas,037,Huehuetán,CHIS
07,Chiapas,038,Huixtán,CHIS
07,Chiapas,039,Huitiupán,CHIS
07,Chiapas,040,Huixtla,CHIS
07,Chiapas,041,La Independencia,CHIS
07,Chiapas,042,Ixhuatán,CHIS
07,Chiapas,043,Ixtacomitán,CHIS
07,Chiapas,044,Ixtapa,CHIS
07,Chiapas,045,Ixtapangajoya,CHIS
07,Chiapas,046,Jiquipilas,CHIS
07,Chiapas,047,Jitotol,CHIS
07,Chiapas,048,Juárez,CHIS
07,Chiapas,049,Larráinzar,CHIS
07,Chiapas,050,La Libertad,CHIS
07,Chiapas,051,Mapastepec,CHIS
07,Chiapas,052,Las Margaritas,CHIS
07,Chiapas,053,Mazapa de Madero,CHIS
07,Chiapas,054,Mazatán,CHIS
07,Chiapas,055,Metapa,CHIS
07,Chiapas,056,Mitontic,CHIS
07,Chiapas,057,Motozintla,CHIS
07,Chiapas,058,Nicolás Ruíz,CHIS
07,Chiapas,059,Ocosingo,CHIS
07,Chiapas,060,Ocotepec,CHIS
07,Chiapas,061,Ocozocoautla de Espinosa,CHIS
07,Chiapas,062,Ostuacán,CHIS
07,Chiapas,063,Osumacinta,CHIS
07,Chiapas,064,Oxchuc,CHIS
07,Chiapas,065,Palenque,CHIS
07,Chiapas,066,Pantelhó,CHIS
07,Chiapas,067,Pantepec,CHIS
07,Chiapas,068,Pichucalco,CHIS
07,Chiapas,069,Pijijiapan,CHIS
07,Chiapas,070,El Porvenir,CHIS
07,Chiapas,071,Villa Comaltitlán,CHIS
07,Chiapas,072,Pueblo Nuevo Solistahuacán,CHIS
07,Chiapas,073,Rayón,CHIS
07,Chiapas,074,Reforma,CHIS
07,Chiapas,075,Las Rosas,CHIS
07,Chiapas,076,Sabanilla,CHIS
07,Chiapas,077,Salto de Agua,CHIS
07,Chiapas,078,San Cristóbal de las Casas,CHIS
07,Chiapas,079,San Fernando,CHIS
07,Chiapas,080,Siltepec,CHIS
07,Chiapas,081,Simojovel,CHIS
07,Chiapas,082,Sitalá,CHIS
07,Chiapas,083,Socoltenango,CHIS
07,Chiapas,084,Solosuchiapa,CHIS
07,Chiapas,085,Soyaló,CHIS
07,Chiapas,086,Suchiapa,CHIS
07,Chiapas,087,Suchiate,CHIS
07,Chiapas,088,Sunuapa,CHIS
07,Chiapas,089,Tapachula,CHIS
07,Chiapas,090,Tapalapa,CHIS
07,Chiapas,091,Tapilula,CHIS
07,Chiapas,092,Tecpatán,CHIS
07,Chiapas,093,Tenejapa,CHIS
07,Chiapas,094,Teopisca,CHIS
07,Chiapas,096,Tila,CHIS
07,Chiapas,097,Tonalá,CHIS
07,Chiapas,098,Totolapa,CHIS
07,Chiapas,099,La Trinitaria,CHIS
07,Chiapas,100,Tumbalá,CHIS
07,Chiapas,101,Tuxtla Gutiérrez,CHIS
07,Chiapas,102,Tuxtla Chico,CHIS
07,Chiapas,103,Tuzantán,CHIS
07,Chiapas,104,Tzimol,CHIS
07,Chiapas,105,Unión Juárez,CHIS
07,Chiapas,106,Venustiano Carranza,CHIS
07,Chiapas,107,Villa Corzo,CHIS
07,Chiapas,108,Villaflores,CHIS
07,Chiapas,109,Yajalón,CHIS
07,Chiapas,110,San Lucas,CHIS
07,Chiapas,111,Zinacantán,CHIS
07,Chiapas,112,San Juan Cancuc,CHIS
07,Chiapas,113,Aldama,CHIS
07,Chiapas,114,Benemérito de las Américas,CHIS
07,Chiapas,115,Maravilla Tenejapa,CHIS
07,Chiapas,116,Marqués de Comillas,CHIS
07,Chiapas,117,Montecristo de Guerrero,CHIS
07,Chiapas,118,San Andrés Duraznal,CHIS
07,Chiapas,119,Santiago el Pinar,CHIS
08,Chihuahua,001,Ahumada,CHIH
08,Chihuahua,002,Aldama,CHIH
08,Chihuahua,003,Allende,CHIH
08,Chihuahua,004,Aquiles Serdán,CHIH
08,Chihuahua,005,Ascensión,CHIH
08,Chihuahua,006,Bachíniva,CHIH
08,Chihuahua,007,Balleza,CHIH
08,Chihuahua,008,Batopilas,CHIH
08,Chihuahua,009,Bocoyna,CHIH
08,Chihuahua,010,Buenaventura,CHIH
08,Chihuahua,011,Camargo,CHIH
08,Chihuahua,012,Carichí,CHIH
08,Chihuahua,013,Casas Grandes,CHIH
08,Chihuahua,014,Coronado,CHIH
08,Chihuahua,015,Coyame del Sotol,CHIH
08,Chihuahua,016,La Cruz,CHIH
08,Chihuahua,017,Cuauhtémoc,CHIH
08,Chihuahua,018,Cusihuiriachi,CHIH
08,Chihuahua,019,Chihuahua,CHIH
08,Chihuahua,020,Chínipas,CHIH
08,Chihuahua,021,Delicias,CHIH
08,Chihuahua,022,Dr. Belisario Domínguez,CHIH
08,Chihuahua,023,Galeana,CHIH
08,Chihuahua,024,Santa Isabel,CHIH
08,Chihuahua,025,Gómez Farías,CHIH
08,Chihuahua,026,Gran Morelos,CHIH
08,Chihuahua,027,Guachochi,CHIH
08,Chihuahua,028,Guadalupe,CHIH
08,Chihuahua,029,Guadalupe y Calvo,CHIH
08,Chihuahua,030,Guazapares,CHIH
08,Chihuahua,031,Guerrero,CHIH
08,Chihuahua,032,Hidalgo del Parral,CHIH
08,Chihuahua,033,Huejotitán,CHIH
08,Chihuahua,034,Ignacio Zaragoza,CHIH
08,Chihuahua,035,Janos,CHIH
08,Chihuahua,036,Jiménez,CHIH
08,Chihuahua,037,Juárez,CHIH
08,Chihuahua,038,Julimes,CHIH
08,Chihuahua,039,López,CHIH
08,Chihuahua,040,Madera,CHIH
08,Chihuahua,041,Maguarichi,CHIH
08,Chihuahua,042,Manuel Benavides,CHIH
08,Chihuahua,043,Matachí,CHIH
08,Chihuahua,044,Matamoros,CHIH
08,Chihuahua,045,Meoqui,CHIH
08,Chihuahua,046,Morelos,CHIH
08,Chihuahua,047,Moris,CHIH
08,Chihuahua,048,Namiquipa,CHIH
08,Chihuahua,049,Nonoava,CHIH
08,Chihuahua,050,Nuevo Casas Grandes,CHIH
08,Chihuahua,051,Ocampo,CHIH
08,Chihuahua,052,Ojinaga,CHIH
08,Chihuahua,053,Praxedis G. Guerrero,CHIH
08,Chihuahua,054,Riva Palacio,CHIH
08,Chihuahua,055,Rosales,CHIH
08,Chihuahua,056,Rosario,CHIH
08,Chihuahua,057,San Francisco de Borja,CHIH
08,Chihuahua,058,San Francisco de Conchos,CHIH
08,Chihuahua,059,San Francisco del Oro,CHIH
08,Chihuahua,060,Santa Bárbara,CHIH
08,Chihuahua,061,Satevó,CHIH
08,Chihuahua,062,Saucillo,CHIH
08,Chihuahua,063,Temósachic,CHIH
08,Chihuahua,064,El Tule,CHIH
08,Chihuahua,065,Urique,CHIH
08,Chihuahua,066,Uruachi,CHIH
08,Chihuahua,067,Valle de Zaragoza,CHIH
09,Distrito Federal,002,Azcapotzalco,CDMX
09,Distrito Federal,003,Coyoacán,CDMX
09,Distrito Federal,004,Cuajimalpa de Morelos,CDMX
09,Distrito Federal,005,Gustavo A. Madero,CDMX
09,Distrito Federal,006,Iztacalco,CDMX
09,Distrito Federal,007,Iztapalapa,CDMX
09,Distrito Federal,008,La Magdalena Contreras,CDMX
09,Distrito Federal,009,Milpa Alta,CDMX
09,Distrito Federal,010,Álvaro Obregón,CDMX
09,Distrito Federal,011,Tláhuac,CDMX
09,Distrito Federal,012,Tlalpan,CDMX
09,Distrito Federal,013,Xochimilco,CDMX
09,Distrito Federal,014,Benito Juárez,CDMX
09,Distrito Federal,015,Cuauhtémoc,CDMX
09,Distrito Federal,016,Miguel Hidalgo,CDMX
09,Distrito Federal,017,Venustiano Carranza,CDMX
10,Durango,001,Canatlán,DGO
10,Durango,002,Canelas,DGO
10,Durango,003,Coneto de Comonfort,DGO
10,Durango,004,Cuencamé,DGO
10,Durango,005,Durango,DGO
10,Durango,006,General Simón Bolívar,DGO
10,Durango,007,Gómez Palacio,DGO
10,Durango,008,Guadalupe Victoria,DGO
10,Durango,009,Guanaceví,DGO
10,Durango,010,Hidalgo,DGO
10,Durango,011,Indé,DGO
10,Durango,012,Lerdo,DGO
10,Durango,013,Mapimí,DGO
10,Durango,014,Mezquital,DGO
10,Durango,015,Nazas,DGO
10,Durango,016,Nombre de Dios,DGO
10,Durango,017,Ocampo,DGO
10,Durango,018,El Oro,DGO
10,Durango,019,Otáez,DGO
10,Durango,020,Pánuco de Coronado,DGO
10,Durango,021,Peñón Blanco,DGO
10,Durango,022,Poanas,DGO
10,Durango,023,Pueblo Nuevo,DGO
10,Durango,024,Rodeo,DGO
10,Durango,025,San Bernardo,DGO
10,Durango,026,San Dimas,DGO
10,Durango,027,San Juan de Guadalupe,DGO
10,Durango,028,San Juan del Río,DGO
10,Durango,029,San Luis del Cordero,DGO
10,Durango,030,San Pedro del Gallo,DGO
10,Durango,031,Santa Clara,DGO
10,Durango,032,Santiago Papasquiaro,DGO
10,Durango,033,Súchil,DGO
10,Durango,034,Tamazula,DGO
10,Durango,035,Tepehuanes,DGO
10,Durango,036,Tlahualilo,DGO
10,Durango,037,Topia,DGO
10,Durango,038,Vicente Guerrero,DGO
10,Durango,039,Nuevo Ideal,DGO
11,Guanajuato,001,Abasolo,GTO
11,Guanajuato,002,Acámbaro,GTO
11,Guanajuato,003,San Miguel de Allende,GTO
11,Guanajuato,004,Apaseo el Alto,GTO
11,Guanajuato,005,Apaseo el Grande,GTO
11,Guanajuato,006,Atarjea,GTO
11,Guanajuato,007,Celaya,GTO
11,Guanajuato,008,Manuel Doblado,GTO
11,Guanajuato,009,Comonfort,GTO
11,Guanajuato,010,Coroneo,GTO
11,Guanajuato,011,Cortazar,GTO
11,Guanajuato,012,Cuerámaro,GTO
11,Guanajuato,013,Doctor Mora,GTO
11,Guanajuato,014,Dolores Hidalgo Cuna de la Independencia Nacional,GTO
11,Guanajuato,015,Guanajuato,GTO
11,Guanajuato,016,Huanímaro,GTO
11,Guanajuato,017,Irapuato,GTO
11,Guanajuato,018,Jaral del Progreso,GTO
11,Guanajuato,019,Jerécuaro,GTO
11,Guanajuato,020,León,GTO
11,Guanajuato,021,Moroleón,GTO
11,Guanajuato,022,Ocampo,GTO
11,Guanajuato,023,Pénjamo,GTO
11,Guanajuato,024,Pueblo Nuevo,GTO
11,Guanajuato,025,Purísima del Rincón,GTO
11,Guanajuato,026,Romita,GTO
11,Guanajuato,027,Salamanca,GTO
11,Guanajuato,028,Salvatierra,GTO
11,Guanajuato,029,San Diego de la Unión,GTO
11,Guanajuato,030,San Felipe,GTO
11,Guanajuato,031,San Francisco del Rincón,GTO
11,Guanajuato,032,San José Iturbide,GTO
11,Guanajuato,033,San Luis de la Paz,GTO
11,Guanajuato,034,Santa Catarina,GTO
11,Guanajuato,035,Santa Cruz de Juventino Rosas,GTO
11,Guanajuato,036,Santiago Maravatío,GTO
11,Guanajuato,037,Silao,GTO
11,Guanajuato,038,Tarandacuao,GTO
11,Guanajuato,039,Tarimoro,GTO
11,Guanajuato,040,Tierra Blanca,GTO
11,Guanajuato,041,Uriangato,GTO
11,Guanajuato,042,Valle de Santiago,GTO
11,Guanajuato,043,Victoria,GTO
11,Guanajuato,044,Villagrán,GTO
11,Guanajuato,045,Xichú,GTO
11,Guanajuato,046,Yuriria,GTO
12,Guerrero,001,Acapulco de Juárez,GRO
12,Guerrero,002,Ahuacuotzingo,GRO
12,Guerrero,003,Ajuchitlán del Progreso,GRO
12,Guerrero,004,Alcozauca de Guerrero,GRO
12,Guerrero,005,Alpoyeca,GRO
12,Guerrero,006,Apaxtla,GRO
12,Guerrero,007,Arcelia,GRO
12,Guerrero,008,Atenango del Río,GRO
12,Guerrero,009,Atlamajalcingo del Monte,GRO
12,Guerrero,010,Atlixtac,GRO
12,Guerrero,011,Atoyac de Álvarez,GRO
12,Guerrero,012,Ayutla de los Libres,GRO
12,Guerrero,013,Azoyú,GRO
12,Guerrero,014,Benito Juárez,GRO
12,Guerrero,015,Buenavista de Cuéllar,GRO
12,Guerrero,016,Coahuayutla de José María Izazaga,GRO
12,Guerrero,017,Cocula,GRO
12,Guerrero,018,Copala,GRO
12,Guerrero,019,Copalillo,GRO
12,Guerrero,020,Copanatoyac,GRO
12,Guerrero,021,Coyuca de Benítez,GRO
12,Guerrero,022,Coyuca de Catalán,GRO
12,Guerrero,023,Cuajinicuilapa,GRO
12,Guerrero,024,Cualác,GRO
12,Guerrero,025,Cuautepec,GRO
12,Guerrero,026,Cuetzala del Progreso,GRO
12,Guerrero,027,Cutzamala de Pinzón,GRO
12,Guerrero,028,Chilapa de Álvarez,GRO
12,Guerrero,029,Chilpancingo de los Bravo,GRO
12,Guerrero,030,Florencio Villarreal,GRO
12,Guerrero,031,General Canuto A. Neri,GRO
12,Guerrero,032,General Heliodoro Castillo,GRO
12,Guerrero,033,Huamuxtitlán,GRO
12,Guerrero,034,Huitzuco de los Figueroa,GRO
12,Guerrero,035,Iguala de la Independencia,GRO
12,Guerrero,036,Igualapa,GRO
12,Guerrero,037,Ixcateopan de Cuauhtémoc,GRO
12,Guerrero,038,Zihuatanejo de Azueta,GRO
12,Guerrero,039,Juan R. Escudero,GRO
12,Guerrero,040,Leonardo Bravo,GRO
12,Guerrero,041,Malinaltepec,GRO
12,Guerrero,042,Mártir de Cuilapan,GRO
12,Guerrero,043,Metlatónoc,GRO
12,Guerrero,044,Mochitlán,GRO
12,Guerrero,045,Olinalá,GRO
12,Guerrero,046,Ometepec,GRO
12,Guerrero,047,Pedro Ascencio Alquisiras,GRO
12,Guerrero,048,Petatlán,GRO
12,Guerrero,049,Pilcaya,GRO
12,Guerrero,050,Pungarabato,GRO
12,Guerrero,051,Quechultenango,GRO
12,Guerrero,052,San Luis Acatlán,GRO
12,Guerrero,053,San Marcos,GRO
12,Guerrero,054,San Miguel Totolapan,GRO
12,Guerrero,055,Taxco de Alarcón,GRO
12,Guerrero,056,Tecoanapa,GRO
12,Guerrero,057,Técpan de Galeana,GRO
12,Guerrero,058,Teloloapan,GRO
12,Guerrero,059,Tepecoacuilco de Trujano,GRO
12,Guerrero,060,Tetipac,GRO
12,Guerrero,061,Tixtla de Guerrero,GRO
12,Guerrero,062,Tlacoachistlahuaca,GRO
12,Guerrero,063,Tlacoapa,GRO
12,Guerrero,064,Tlalchapa,GRO
12,Guerrero,065,Tlalixtaquilla de Maldonado,GRO
12,Guerrero,066,Tlapa de Comonfort,GRO
12,Guerrero,067,Tlapehuala,GRO
12,Guerrero,068,La Unión de Isidoro Montes de Oca,GRO
12,Guerrero,069,Xalpatláhuac,GRO
12,Guerrero,070,Xochihuehuetlán,GRO
12,Guerrero,071,Xochistlahuaca,GRO
12,Guerrero,072,Zapotitlán Tablas,GRO
12,Guerrero,073,Zirándaro,GRO
12,Guerrero,074,Zitlala,GRO
12,Guerrero,075,Eduardo Neri,GRO
12,Guerrero,076,Acatepec,GRO
12,Guerrero,077,Marquelia,GRO
12,Guerrero,078,Cochoapa el Grande,GRO
12,Guerrero,079,José Joaquín de Herrera,GRO
12,Guerrero,080,Juchitán,GRO
12,Guerrero,081,Iliatenco,GRO
13,Hidalgo,001,Acatlán,HGO
13,Hidalgo,002,Acaxochitlán,HGO
13,Hidalgo,003,Actopan,HGO
13,Hidalgo,004,Agua Blanca de Iturbide,HGO
13,Hidalgo,005,Ajacuba,HGO
13,Hidalgo,006,Alfajayucan,HGO
13,Hidalgo,007,Almoloya,HGO
13,Hidalgo,008,Apan,HGO
13,Hidalgo,009,El Arenal,HGO
13,Hidalgo,010,Atitalaquia,HGO
13,Hidalgo,011,Atlapexco,HGO
13,Hidalgo,012,Atotonilco el Grande,HGO
13,Hidalgo,013,Atotonilco de Tula,HGO
13,Hidalgo,014,Calnali,HGO
13,Hidalgo,015,Cardonal,HGO
13,Hidalgo,016,Cuautepec de Hinojosa,HGO
13,Hidalgo,017,Chapantongo,HGO
13,Hidalgo,018,Chapulhuacán,HGO
13,Hidalgo,019,Chilcuautla,HGO
13,Hidalgo,020,Eloxochitlán,HGO
13,Hidalgo,021,Emiliano Zapata,HGO
13,Hidalgo,022,Epazoyucan,HGO
13,Hidalgo,023,Francisco I. Madero,HGO
13,Hidalgo,024,Huasca de Ocampo,HGO
13,Hidalgo,025,Huautla,HGO
13,Hidalgo,026,Huazalingo,HGO
13,Hidalgo,027,Huehuetla,HGO
13,Hidalgo,028,Huejutla de Reyes,HGO
13,Hidalgo,029,Huichapan,HGO
13,Hidalgo,030,Ixmiquilpan,HGO
13,Hidalgo,031,Jacala de Ledezma,HGO
13,Hidalgo,032,Jaltocán,HGO
13,Hidalgo,033,Juárez Hidalgo,HGO
13,Hidalgo,034,Lolotla,HGO
13,Hidalgo,035,Metepec,HGO
13,Hidalgo,036,San Agustín Metzquititlán,HGO
13,Hidalgo,037,Metztitlán,HGO
13,Hidalgo,038,Mineral del Chico,HGO
13,Hidalgo,039,Mineral del Monte,HGO
13,Hidalgo,040,La Misión,HGO
13,Hidalgo,041,Mixquiahuala de Juárez,HGO
13,Hidalgo,042,Molango de Escamilla,HGO
13,Hidalgo,043,Nicolás Flores,HGO
13,Hidalgo,044,Nopala de Villagrán,HGO
13,Hidalgo,045,Omitlán de Juárez,HGO
13,Hidalgo,046,San Felipe Orizatlán,HGO
13,Hidalgo,047,Pacula,HGO
13,Hidalgo,048,Pachuca de Soto,HGO
13,Hidalgo,049,Pisaflores,HGO
13,Hidalgo,050,Progreso de Obregón,HGO
13,Hidalgo,051,Mineral de la Reforma,HGO
13,Hidalgo,052,San Agustín Tlaxiaca,HGO
13,Hidalgo,053,San Bartolo Tutotepec,HGO
13,Hidalgo,054,San Salvador,HGO
13,Hidalgo,055,Santiago de Anaya,HGO
13,Hidalgo,056,Santiago Tulantepec de Lugo Guerrero,HGO
13,Hidalgo,057,Singuilucan,HGO
13,Hidalgo,058,Tasquillo,HGO
13,Hidalgo,059,Tecozautla,HGO
13,Hidalgo,060,Tenango de Doria,HGO
13,Hidalgo,061,Tepeapulco,HGO
13,Hidalgo,062,Tepehuacán de Guerrero,HGO
13,Hidalgo,063,Tepeji del Río de Ocampo,HGO
13,Hidalgo,064,Tepetitlán,HGO
13,Hidalgo,065,Tetepango,HGO
13,Hidalgo,066,Villa de Tezontepec,HGO
13,Hidalgo,067,Tezontepec de Aldama,HGO
13,Hidalgo,068,Tianguistengo,HGO
13,Hidalgo,069,Tizayuca,HGO
13,Hidalgo,070,Tlahuelilpan,HGO
13,Hidalgo,071,Tlahuiltepa,HGO
13,Hidalgo,072,Tlanalapa,HGO
13,Hidalgo,073,Tlanchinol,HGO
13,Hidalgo,074,Tlaxcoapan,HGO
13,Hidalgo,075,Tolcayuca,HGO
13,Hidalgo,076,Tula de Allende,HGO
13,Hidalgo,077,Tulancingo de Bravo,HGO
13,Hidalgo,078,Xochiatipan,HGO
13,Hidalgo,079,Xochicoatlán,HGO
13,Hidalgo,080,Yahualica,HGO
13,Hidalgo,081,Zacualtipán de Ángeles,HGO
13,Hidalgo,082,Zapotlán de Juárez,HGO
13,Hidalgo,083,Zempoala,HGO
13,Hidalgo,084,Zimapán,HGO
14,Jalisco,001,Acatic,JAL
14,Jalisco,002,Acatlán de Juárez,JAL
14,Jalisco,003,Ahualulco de Mercado,JAL
14,Jalisco,004,Amacueca,JAL
14,Jalisco,005,Amatitán,JAL
14,Jalisco,006,Ameca,JAL
14,Jalisco,007,San Juanito de Escobedo,JAL
14,Jalisco,008,Arandas,JAL
14,Jalisco,009,El Arenal,JAL
14,Jalisco,010,Atemajac de Brizuela,JAL
14,Jalisco,011,Atengo,JAL
14,Jalisco,012,Atenguillo,JAL
14,Jalisco,013,Atotonilco el Alto,JAL
14,Jalisco,014,Atoyac,JAL
14,Jalisco,015,Autlán de Navarro,JAL
14,Jalisco,016,Ayotlán,JAL
14,Jalisco,017,Ayutla,JAL
14,Jalisco,018,La Barca,JAL
14,Jalisco,019,Bolaños,JAL
14,Jalisco,020,Cabo Corrientes,JAL
14,Jalisco,021,Casimiro Castillo,JAL
14,Jalisco,022,Cihuatlán,JAL
14,Jalisco,023,Zapotlán el Grande,JAL
14,Jalisco,024,Cocula,JAL
14,Jalisco,025,Colotlán,JAL
14,Jalisco,026,Concepción de Buenos Aires,JAL
14,Jalisco,027,Cuautitlán de García Barragán,JAL
14,Jalisco,028,Cuautla,JAL
14,Jalisco,029,Cuquío,JAL
14,Jalisco,030,Chapala,JAL
14,Jalisco,031,Chimaltitán,JAL
14,Jalisco,032,Chiquilistlán,JAL
14,Jalisco,033,Degollado,JAL
14,Jalisco,034,Ejutla,JAL
14,Jalisco,035,Encarnación de Díaz,JAL
14,Jalisco,036,Etzatlán,JAL
14,Jalisco,037,El Grullo,JAL
14,Jalisco,038,Guachinango,JAL
14,Jalisco,039,Guadalajara,JAL
14,Jalisco,040,Hostotipaquillo,JAL
14,Jalisco,041,Huejúcar,JAL
14,Jalisco,042,Huejuquilla el Alto,JAL
14,Jalisco,043,La Huerta,JAL
14,Jalisco,044,Ixtlahuacán de los Membrillos,JAL
14,Jalisco,045,Ixtlahuacán del Río,JAL
14,Jalisco,046,Jalostotitlán,JAL
14,Jalisco,047,Jamay,JAL
14,Jalisco,048,Jesús María,JAL
14,Jalisco,049,Jilotlán de los Dolores,JAL
14,Jalisco,050,Jocotepec,JAL
14,Jalisco,051,Juanacatlán,JAL
14,Jalisco,052,Juchitlán,JAL
14,Jalisco,053,Lagos de Moreno,JAL
14,Jalisco,054,El Limón,JAL
14,Jalisco,055,Magdalena,JAL
14,Jalisco,056,Santa María del Oro,JAL
14,Jalisco,057,La Manzanilla de la Paz,JAL
14,Jalisco,058,Mascota,JAL
14,Jalisco,059,Mazamitla,JAL
14,Jalisco,060,Mexticacán,JAL
14,Jalisco,061,Mezquitic,JAL
14,Jalisco,062,Mixtlán,JAL
14,Jalisco,063,Ocotlán,JAL
14,Jalisco,064,Ojuelos de Jalisco,JAL
14,Jalisco,065,Pihuamo,JAL
14,Jalisco,066,Poncitlán,JAL
14,Jalisco,067,Puerto Vallarta,JAL
14,Jalisco,068,Villa Purificación,JAL
14,Jalisco,069,Quitupan,JAL
14,Jalisco,070,El Salto,JAL
14,Jalisco,071,San Cristóbal de la Barranca,JAL
14,Jalisco,072,San Diego de Alejandría,JAL
14,Jalisco,073,San Juan de los Lagos,JAL
14,Jalisco,074,San Julián,JAL
14,Jalisco,075,San Marcos,JAL
14,Jalisco,076,San Martín de Bolaños,JAL
14,Jalisco,077,San Martín Hidalgo,JAL
14,Jalisco,078,San Miguel el Alto,JAL
14,Jalisco,079,Gómez Farías,JAL
14,Jalisco,080,San Sebastián del Oeste,JAL
14,Jalisco,081,Santa María de los Ángeles,JAL
14,Jalisco,082,Sayula,JAL
14,Jalisco,083,Tala,JAL
14,Jalisco,084,Talpa de Allende,JAL
14,Jalisco,085,Tamazula de Gordiano,JAL
14,Jalisco,086,Tapalpa,JAL
14,Jalisco,087,Tecalitlán,JAL
14,Jalisco,088,Tecolotlán,JAL
14,Jalisco,089,Techaluta de Montenegro,JAL
14,Jalisco,090,Tenamaxtlán,JAL
14,Jalisco,091,Teocaltiche,JAL
14,Jalisco,092,Teocuitatlán de Corona,JAL
14,Jalisco,093,Tepatitlán de Morelos,JAL
14,Jalisco,094,Tequila,JAL
14,Jalisco,095,Teuchitlán,JAL
14,Jalisco,096,Tizapán el Alto,JAL
14,Jalisco,097,Tlajomulco de Zúñiga,JAL
14,Jalisco,098,San Pedro Tlaquepaque,JAL
14,Jalisco,099,Tolimán,JAL
14,Jalisco,100,Tomatlán,JAL
14,Jalisco,101,Tonalá,JAL
14,Jalisco,102,Tonaya,JAL
14,Jalisco,103,Tonila,JAL
14,Jalisco,104,Totatiche,JAL
14,Jalisco,105,Tototlán,JAL
14,Jalisco,106,Tuxcacuesco,JAL
14,Jalisco,107,Tuxcueca,JAL
14,Jalisco,108,Tuxpan,JAL
14,Jalisco,109,Unión de San Antonio,JAL
14,Jalisco,110,Unión de Tula,JAL
14,Jalisco,111,Valle de Guadalupe,JAL
14,Jalisco,112,Valle de Juárez,JAL
14,Jalisco,113,San Gabriel,JAL
14,Jalisco,114,Villa Corona,JAL
14,Jalisco,115,Villa Guerrero,JAL
14,Jalisco,116,Villa Hidalgo,JAL
14,Jalisco,117,Cañadas de Obregón,JAL
14,Jalisco,118,Yahualica de González Gallo,JAL
14,Jalisco,119,Zacoalco de Torres,JAL
14,Jalisco,120,Zapopan,JAL
14,Jalisco,121,Zapotiltic,JAL
14,Jalisco,122,Zapotitlán de Vadillo,JAL
14,Jalisco,123,Zapotlán del Rey,JAL
14,Jalisco,124,Zapotlanejo,JAL
14,Jalisco,125,San Ignacio Cerro Gordo,JAL
15,México,001,Acambay de Ruíz Castañeda,MEX
15,México,002,Acolman,MEX
15,México,003,Aculco,MEX
15,México,004,Almoloya de Alquisiras,MEX
15,México,005,Almoloya de Juárez,MEX
15,México,006,Almoloya del Río,MEX
15,México,007,Amanalco,MEX
15,México,008,Amatepec,MEX
15,México,009,Amecameca,MEX
15,México,010,Apaxco,MEX
15,México,011,Atenco,MEX
15,México,012,Atizapán,MEX
15,México,013,Atizapán de Zaragoza,MEX
15,México,014,Atlacomulco,MEX
15,México,015,Atlautla,MEX
15,México,016,Axapusco,MEX
15,México,017,Ayapango,MEX
15,México,018,Calimaya,MEX
15,México,019,Capulhuac,MEX
15,México,020,Coacalco de Berriozábal,MEX
15,México,021,Coatepec Harinas,MEX
15,México,022,Cocotitlán,MEX
15,México,023,Coyotepec,MEX
15,México,024,Cuautitlán,MEX
15,México,025,Chalco,MEX
15,México,026,Chapa de Mota,MEX
15,México,027,Chapultepec,MEX
15,México,028,Chiautla,MEX
15,México,029,Chicoloapan,MEX
15,México,030,Chiconcuac,MEX
15,México,031,Chimalhuacán,MEX
15,México,032,Donato Guerra,MEX
15,México,033,Ecatepec de Morelos,MEX
15,México,034,Ecatzingo,MEX
15,México,035,Huehuetoca,MEX
15,México,036,Hueypoxtla,MEX
15,México,037,Huixquilucan,MEX
15,México,038,Isidro Fabela,MEX
15,México,039,Ixtapaluca,MEX
15,México,040,Ixtapan de la Sal,MEX
15,México,041,Ixtapan del Oro,MEX
15,México,042,Ixtlahuaca,MEX
15,México,043,Xalatlaco,MEX
15,México,044,Jaltenco,MEX
15,México,045,Jilotepec,MEX
15,México,046,Jilotzingo,MEX
15,México,047,Jiquipilco,MEX
15,México,048,Jocotitlán,MEX
15,México,049,Joquicingo,MEX
15,México,050,Juchitepec,MEX
15,México,051,Lerma,MEX
15,México,052,Malinalco,MEX
15,México,053,Melchor Ocampo,MEX
15,México,054,Metepec,MEX
15,México,055,Mexicaltzingo,MEX
15,México,056,Morelos,MEX
15,México,057,Naucalpan de Juárez,MEX
15,México,058,Nezahualcóyotl,MEX
15,México,059,Nextlalpan,MEX
15,México,060,Nicolás Romero,MEX
15,México,061,Nopaltepec,MEX
15,México,062,Ocoyoacac,MEX
15,México,063,Ocuilan,MEX
15,México,064,El Oro,MEX
15,México,065,Otumba,MEX
15,México,066,Otzoloapan,MEX
15,México,067,Otzolotepec,MEX
15,México,068,Ozumba,MEX
15,México,069,Papalotla,MEX
15,México,070,La Paz,MEX
15,México,071,Polotitlán,MEX
15,México,072,Rayón,MEX
15,México,073,San Antonio la Isla,MEX
15,México,074,San Felipe del Progreso,MEX
15,México,075,San Martín de las Pirámides,MEX
15,México,076,San Mateo Atenco,MEX
15,México,077,San Simón de Guerrero,MEX
15,México,078,Santo Tomás,MEX
15,México,079,Soyaniquilpan de Juárez,MEX
15,México,080,Sultepec,MEX
15,México,081,Tecámac,MEX
15,México,082,Tejupilco,MEX
15,México,083,Temamatla,MEX
15,México,084,Temascalapa,MEX
15,México,085,Temascalcingo,MEX
15,México,086,Temascaltepec,MEX
15,México,087,Temoaya,MEX
15,México,088,Tenancingo,MEX
15,México,089,Tenango del Aire,MEX
15,México,090,Tenango del Valle,MEX
15,México,091,Teoloyucan,MEX
15,México,092,Teotihuacán,MEX
15,México,093,Tepetlaoxtoc,MEX
15,México,094,Tepetlixpa,MEX
15,México,095,Tepotzotlán,MEX
15,México,096,Tequixquiac,MEX
15,México,097,Texcaltitlán,MEX
15,México,098,Texcalyacac,MEX
15,México,099,Texcoco,MEX
15,México,100,Tezoyuca,MEX
15,México,101,Tianguistenco,MEX
15,México,102,Timilpan,MEX
15,México,103,Tlalmanalco,MEX
15,México,104,Tlalnepantla de Baz,MEX
15,México,105,Tlatlaya,MEX
15,México,106,Toluca,MEX
15,México,107,Tonatico,MEX
15,México,108,Tultepec,MEX
15,México,109,Tultitlán,MEX
15,México,110,Valle de Bravo,MEX
15,México,111,Villa de Allende,MEX
15,México,112,Villa del Carbón,MEX
15,México,113,Villa Guerrero,MEX
15,México,114,Villa Victoria,MEX
15,México,115,Xonacatlán,MEX
15,México,116,Zacazonapan,MEX
15,México,117,Zacualpan,MEX
15,México,118,Zinacantepec,MEX
15,México,119,Zumpahuacán,MEX
15,México,120,Zumpango,MEX
15,México,121,Cuautitlán Izcalli,MEX
15,México,122,Valle de Chalco Solidaridad,MEX
15,México,123,Luvianos,MEX
15,México,124,San José del Rincón,MEX
15,México,125,Tonanitla,MEX
16,Michoacán de Ocampo,001,Acuitzio,MICH
16,Michoacán de Ocampo,002,Aguililla,MICH
16,Michoacán de Ocampo,003,Álvaro Obregón,MICH
16,Michoacán de Ocampo,004,Angamacutiro,MICH
16,Michoacán de Ocampo,005,Angangueo,MICH
16,Michoacán de Ocampo,006,Apatzingán,MICH
16,Michoacán de Ocampo,007,Aporo,MICH
16,Michoacán de Ocampo,008,Aquila,MICH
16,Michoacán de Ocampo,009,Ario,MICH
16,Michoacán de Ocampo,010,Arteaga,MICH
16,Michoacán de Ocampo,011,Briseñas,MICH
16,Michoacán de Ocampo,012,Buenavista,MICH
16,Michoacán de Ocampo,013,Carácuaro,MICH
16,Michoacán de Ocampo,014,Coahuayana,MICH
16,Michoacán de Ocampo,015,Coalcomán de Vázquez Pallares,MICH
16,Michoacán de Ocampo,016,Coeneo,MICH
16,Michoacán de Ocampo,017,Contepec,MICH
16,Michoacán de Ocampo,018,Copándaro,MICH
16,Michoacán de Ocampo,019,Cotija,MICH
16,Michoacán de Ocampo,020,Cuitzeo,MICH
16,Michoacán de Ocampo,021,Charapan,MICH
16,Michoacán de Ocampo,022,Charo,MICH
16,Michoacán de Ocampo,023,Chavinda,MICH
16,Michoacán de Ocampo,024,Cherán,MICH
16,Michoacán de Ocampo,025,Chilchota,MICH
16,Michoacán de Ocampo,026,Chinicuila,MICH
16,Michoacán de Ocampo,027,Chucándiro,MICH
16,Michoacán de Ocampo,028,Churintzio,MICH
16,Michoacán de Ocampo,029,Churumuco,MICH
16,Michoacán de Ocampo,030,Ecuandureo,MICH
16,Michoacán de Ocampo,031,Epitacio Huerta,MICH
16,Michoacán de Ocampo,032,Erongarícuaro,MICH
16,Michoacán de Ocampo,033,Gabriel Zamora,MICH
16,Michoacán de Ocampo,034,Hidalgo,MICH
16,Michoacán de Ocampo,035,La Huacana,MICH
16,Michoacán de Ocampo,036,Huandacareo,MICH
16,Michoacán de Ocampo,037,Huaniqueo,MICH
16,Michoacán de Ocampo,038,Huetamo,MICH
16,Michoacán de Ocampo,039,Huiramba,MICH
16,Michoacán de Ocampo,040,Indaparapeo,MICH
16,Michoacán de Ocampo,041,Irimbo,MICH
16,Michoacán de Ocampo,042,Ixtlán,MICH
16,Michoacán de Ocampo,043,Jacona,MICH
16,Michoacán de Ocampo,044,Jiménez,MICH
16,Michoacán de Ocampo,045,Jiquilpan,MICH
16,Michoacán de Ocampo,046,Juárez,MICH
16,Michoacán de Ocampo,047,Jungapeo,MICH
16,Michoacán de Ocampo,048,Lagunillas,MICH
16,Michoacán de Ocampo,049,Madero,MICH
16,Michoacán de Ocampo,050,Maravatío,MICH
16,Michoacán de Ocampo,051,Marcos Castellanos,MICH
16,Michoacán de Ocampo,052,Lázaro Cárdenas,MICH
16,Michoacán de Ocampo,053,Morelia,MICH
16,Michoacán de Ocampo,054,Morelos,MICH
16,Michoacán de Ocampo,055,Múgica,MICH
16,Michoacán de Ocampo,056,Nahuatzen,MICH
16,Michoacán de Ocampo,057,Nocupétaro,MICH
16,Michoacán de Ocampo,058,Nuevo Parangaricutiro,MICH
16,Michoacán de Ocampo,059,Nuevo Urecho,MICH
16,Michoacán de Ocampo,060,Numarán,MICH
16,Michoacán de Ocampo,061,Ocampo,MICH
16,Michoacán de Ocampo,062,Pajacuarán,MICH
16,Michoacán de Ocampo,063,Panindícuaro,MICH
16,Michoacán de Ocampo,064,Parácuaro,MICH
16,Michoacán de Ocampo,065,Paracho,MICH
16,Michoacán de Ocampo,066,Pátzcuaro,MICH
16,Michoacán de Ocampo,067,Penjamillo,MICH
16,Michoacán de Ocampo,068,Peribán,MICH
16,Michoacán de Ocampo,069,La Piedad,MICH
16,Michoacán de Ocampo,070,Purépero,MICH
16,Michoacán de Ocampo,071,Puruándiro,MICH
16,Michoacán de Ocampo,072,Queréndaro,MICH
16,Michoacán de Ocampo,073,Quiroga,MICH
16,Michoacán de Ocampo,074,Cojumatlán de Régules,MICH
16,Michoacán de Ocampo,075,Los Reyes,MICH
16,Michoacán de Ocampo,076,Sahuayo,MICH
16,Michoacán de Ocampo,077,San Lucas,MICH
16,Michoacán de Ocampo,078,Santa Ana Maya,MICH
16,Michoacán de Ocampo,079,Salvador Escalante,MICH
16,Michoacán de Ocampo,080,Senguio,MICH
16,Michoacán de Ocampo,081,Susupuato,MICH
16,Michoacán de Ocampo,082,Tacámbaro,MICH
16,Michoacán de Ocampo,083,Tancítaro,MICH
16,Michoacán de Ocampo,084,Tangamandapio,MICH
16,Michoacán de Ocampo,085,Tangancícuaro,MICH
16,Michoacán de Ocampo,086,Tanhuato,MICH
16,Michoacán de Ocampo,087,Taretan,MICH
16,Michoacán de Ocampo,088,Tarímbaro,MICH
16,Michoacán de Ocampo,089,Tepalcatepec,MICH
16,Michoacán de Ocampo,090,Tingambato,MICH
16,Michoacán de Ocampo,091,Tingüindín,MICH
16,Michoacán de Ocampo,092,Tiquicheo de Nicolás Romero,MICH
16,Michoacán de Ocampo,093,Tlalpujahua,MICH
16,Michoacán de Ocampo,094,Tlazazalca,MICH
16,Michoacán de Ocampo,095,Tocumbo,MICH
16,Michoacán de Ocampo,096,Tumbiscatío,MICH
16,Michoacán de Ocampo,097,Turicato,MICH
16,Michoacán de Ocampo,098,Tuxpan,MICH
16,Michoacán de Ocampo,099,Tuzantla,MICH
16,Michoacán de Ocampo,100,Tzintzuntzan,MICH
16,Michoacán de Ocampo,101,Tzitzio,MICH
16,Michoacán de Ocampo,102,Uruapan,MICH
16,Michoacán de Ocampo,103,Venustiano Carranza,MICH
16,Michoacán de Ocampo,104,Villamar,MICH
16,Michoacán de Ocampo,105,Vista Hermosa,MICH
16,Michoacán de Ocampo,106,Yurécuaro,MICH
16,Michoacán de Ocampo,107,Zacapu,MICH
16,Michoacán de Ocampo,108,Zamora,MICH
16,Michoacán de Ocampo,109,Zináparo,MICH
16,Michoacán de Ocampo,110,Zinapécuaro,MICH
16,Michoacán de Ocampo,111,Ziracuaretiro,MICH
16,Michoacán de Ocampo,112,Zitácuaro,MICH
16,Michoacán de Ocampo,113,José Sixto Verduzco,MICH
17,Morelos,001,Amacuzac,MOR
17,Morelos,002,Atlatlahucan,MOR
17,Morelos,003,Axochiapan,MOR
17,Morelos,004,Ayala,MOR
17,Morelos,005,Coatlán del Río,MOR
17,Morelos,006,Cuautla,MOR
17,Morelos,007,Cuernavaca,MOR
17,Morelos,008,Emiliano Zapata,MOR
17,Morelos,009,Huitzilac,MOR
17,Morelos,010,Jantetelco,MOR
17,Morelos,011,Jiutepec,MOR
17,Morelos,012,Jojutla,MOR
17,Morelos,013,Jonacatepec,MOR
17,Morelos,014,Mazatepec,MOR
17,Morelos,015,Miacatlán,MOR
17,Morelos,016,Ocuituco,MOR
17,Morelos,017,Puente de Ixtla,MOR
17,Morelos,018,Temixco,MOR
17,Morelos,019,Tepalcingo,MOR
17,Morelos,020,Tepoztlán,MOR
17,Morelos,021,Tetecala,MOR
17,Morelos,022,Tetela del Volcán,MOR
17,Morelos,023,Tlalnepantla,MOR
17,Morelos,024,Tlaltizapán de Zapata,MOR
17,Morelos,025,Tlaquiltenango,MOR
17,Morelos,026,Tlayacapan,MOR
17,Morelos,027,Totolapan,MOR
17,Morelos,028,Xochitepec,MOR
17,Morelos,029,Yautepec,MOR
17,Morelos,030,Yecapixtla,MOR
17,Morelos,031,Zacatepec,MOR
17,Morelos,032,Zacualpan,MOR
17,Morelos,033,Temoac,MOR
18,Nayarit,001,Acaponeta,NAY
18,Nayarit,002,Ahuacatlán,NAY
18,Nayarit,003,Amatlán de Cañas,NAY
18,Nayarit,004,Compostela,NAY
18,Nayarit,005,Huajicori,NAY
18,Nayarit,006,Ixtlán del Río,NAY
18,Nayarit,007,Jala,NAY
18,Nayarit,008,Xalisco,NAY
18,Nayarit,009,Del Nayar,NAY
18,Nayarit,010,Rosamorada,NAY
18,Nayarit,011,Ruíz,NAY
18,Nayarit,012,San Blas,NAY
18,Nayarit,013,San Pedro Lagunillas,NAY
18,Nayarit,014,Santa María del Oro,NAY
18,Nayarit,015,Santiago Ixcuintla,NAY
18,Nayarit,016,Tecuala,NAY
18,Nayarit,017,Tepic,NAY
18,Nayarit,018,Tuxpan,NAY
18,Nayarit,019,La Yesca,NAY
18,Nayarit,020,Bahía de Banderas,NAY
19,Nuevo León,001,Abasolo,NL
19,Nuevo León,002,Agualeguas,NL
19,Nuevo León,003,Los Aldamas,NL
19,Nuevo León,004,Allende,NL
19,Nuevo León,005,Anáhuac,NL
19,Nuevo León,006,Apodaca,NL
19,Nuevo León,007,Aramberri,NL
19,Nuevo León,008,Bustamante,NL
19,Nuevo León,009,Cadereyta Jiménez,NL
19,Nuevo León,010,El Carmen,NL
19,Nuevo León,011,Cerralvo,NL
19,Nuevo León,012,Ciénega de Flores,NL
19,Nuevo León,013,China,NL
19,Nuevo León,014,Doctor Arroyo,NL
19,Nuevo León,015,Doctor Coss,NL
19,Nuevo León,016,Doctor González,NL
19,Nuevo León,017,Galeana,NL
19,Nuevo León,018,García,NL
19,Nuevo León,019,San Pedro Garza García,NL
19,Nuevo León,020,General Bravo,NL
19,Nuevo León,021,General Escobedo,NL
19,Nuevo León,022,General Terán,NL
19,Nuevo León,023,General Treviño,NL
19,Nuevo León,024,General Zaragoza,NL
19,Nuevo León,025,General Zuazua,NL
19,Nuevo León,026,Guadalupe,NL
19,Nuevo León,027,Los Herreras,NL
19,Nuevo León,028,Higueras,NL
19,Nuevo León,029,Hualahuises,NL
19,Nuevo León,030,Iturbide,NL
19,Nuevo León,031,Juárez,NL
19,Nuevo León,032,Lampazos de Naranjo,NL
19,Nuevo León,033,Linares,NL
19,Nuevo León,034,Marín,NL
19,Nuevo León,035,Melchor Ocampo,NL
19,Nuevo León,036,Mier y Noriega,NL
19,Nuevo León,037,Mina,NL
19,Nuevo León,038,Montemorelos,NL
19,Nuevo León,039,Monterrey,NL
19,Nuevo León,040,Parás,NL
19,Nuevo León,041,Pesquería,NL
19,Nuevo León,042,Los Ramones,NL
19,Nuevo León,043,Rayones,NL
19,Nuevo León,044,Sabinas Hidalgo,NL
19,Nuevo León,045,Salinas Victoria,NL
19,Nuevo León,046,San Nicolás de los Garza,NL
19,Nuevo León,047,Hidalgo,NL
19,Nuevo León,048,Santa Catarina,NL
19,Nuevo León,049,Santiago,NL
19,Nuevo León,050,Vallecillo,NL
19,Nuevo León,051,Villaldama,NL
20,Oaxaca,001,Abejones,OAX
20,Oaxaca,002,Acatlán de Pérez Figueroa,OAX
20,Oaxaca,003,Asunción Cacalotepec,OAX
20,Oaxaca,004,Asunción Cuyotepeji,OAX
20,Oaxaca,005,Asunción Ixtaltepec,OAX
20,Oaxaca,006,Asunción Nochixtlán,OAX
20,Oaxaca,007,Asunción Ocotlán,OAX
20,Oaxaca,008,Asunción Tlacolulita,OAX
20,Oaxaca,009,Ayotzintepec,OAX
20,Oaxaca,010,El Barrio de la Soledad,OAX
20,Oaxaca,011,Calihualá,OAX
20,Oaxaca,012,Candelaria Loxicha,OAX
20,Oaxaca,013,Ciénega de Zimatlán,OAX
20,Oaxaca,014,Ciudad Ixtepec,OAX
20,Oaxaca,015,Coatecas Altas,OAX
20,Oaxaca,016,Coicoyán de las Flores,OAX
20,Oaxaca,017,La Compañía,OAX
20,Oaxaca,018,Concepción Buenavista,OAX
20,Oaxaca,019,Concepción Pápalo,OAX
20,Oaxaca,020,Constancia del Rosario,OAX
20,Oaxaca,021,Cosolapa,OAX
20,Oaxaca,022,Cosoltepec,OAX
20,Oaxaca,023,Cuilápam de Guerrero,OAX
20,Oaxaca,024,Cuyamecalco Villa de Zaragoza,OAX
20,Oaxaca,025,Chahuites,OAX
20,Oaxaca,026,Chalcatongo de Hidalgo,OAX
20,Oaxaca,027,Chiquihuitlán de Benito Juárez,OAX
20,Oaxaca,028,Heroica Ciudad de Ejutla de Crespo,OAX
20,Oaxaca,029,Eloxochitlán de Flores Magón,OAX
20,Oaxaca,030,El Espinal,OAX
20,Oaxaca,031,Tamazulápam del Espíritu Santo,OAX
20,Oaxaca,032,Fresnillo de Trujano,OAX
20,Oaxaca,033,Guadalupe Etla,OAX
20,Oaxaca,034,Guadalupe de Ramírez,OAX
20,Oaxaca,035,Guelatao de Juárez,OAX
20,Oaxaca,036,Guevea de Humboldt,OAX
20,Oaxaca,037,Mesones Hidalgo,OAX
20,Oaxaca,038,Villa Hidalgo,OAX
20,Oaxaca,039,Heroica Ciudad de Huajuapan de León,OAX
20,Oaxaca,040,Huautepec,OAX
20,Oaxaca,041,Huautla de Jiménez,OAX
20,Oaxaca,042,Ixtlán de Juárez,OAX
20,Oaxaca,043,Heroica Ciudad de Juchitán de Zaragoza,OAX
20,Oaxaca,044,Loma Bonita,OAX
20,Oaxaca,045,Magdalena Apasco,OAX
20,Oaxaca,046,Magdalena Jaltepec,OAX
20,Oaxaca,047,Santa Magdalena Jicotlán,OAX
20,Oaxaca,048,Magdalena Mixtepec,OAX
20,Oaxaca,049,Magdalena Ocotlán,OAX
20,Oaxaca,050,Magdalena Peñasco,OAX
20,Oaxaca,051,Magdalena Teitipac,OAX
20,Oaxaca,052,Magdalena Tequisistlán,OAX
20,Oaxaca,053,Magdalena Tlacotepec,OAX
20,Oaxaca,054,Magdalena Zahuatlán,OAX
20,Oaxaca,055,Mariscala de Juárez,OAX
20,Oaxaca,056,Mártires de Tacubaya,OAX
20,Oaxaca,057,Matías Romero Avendaño,OAX
20,Oaxaca,058,Mazatlán Villa de Flores,OAX
20,Oaxaca,059,Miahuatlán de Porfirio Díaz,OAX
20,Oaxaca,060,Mixistlán de la Reforma,OAX
20,Oaxaca,061,Monjas,OAX
20,Oaxaca,062,Natividad,OAX
20,Oaxaca,063,Nazareno Etla,OAX
20,Oaxaca,064,Nejapa de Madero,OAX
20,Oaxaca,065,Ixpantepec Nieves,OAX
20,Oaxaca,066,Santiago Niltepec,OAX
20,Oaxaca,067,Oaxaca de Juárez,OAX
20,Oaxaca,068,Ocotlán de Morelos,OAX
20,Oaxaca,069,La Pe,OAX
20,Oaxaca,070,Pinotepa de Don Luis,OAX
20,Oaxaca,071,Pluma Hidalgo,OAX
20,Oaxaca,072,San José del Progreso,OAX
20,Oaxaca,073,Putla Villa de Guerrero,OAX
20,Oaxaca,074,Santa Catarina Quioquitani,OAX
20,Oaxaca,075,Reforma de Pineda,OAX
20,Oaxaca,076,La Reforma,OAX
20,Oaxaca,077,Reyes Etla,OAX
20,Oaxaca,078,Rojas de Cuauhtémoc,OAX
20,Oaxaca,079,Salina Cruz,OAX
20,Oaxaca,080,San Agustín Amatengo,OAX
20,Oaxaca,081,San Agustín Atenango,OAX
20,Oaxaca,082,San Agustín Chayuco,OAX
20,Oaxaca,083,San Agustín de las Juntas,OAX
20,Oaxaca,084,San Agustín Etla,OAX
20,Oaxaca,085,San Agustín Loxicha,OAX
20,Oaxaca,086,San Agustín Tlacotepec,OAX
20,Oaxaca,087,San Agustín Yatareni,OAX
20,Oaxaca,088,San Andrés Cabecera Nueva,OAX
20,Oaxaca,089,San Andrés Dinicuiti,OAX
20,Oaxaca,090,San Andrés Huaxpaltepec,OAX
20,Oaxaca,091,San Andrés Huayápam,OAX
20,Oaxaca,092,San Andrés Ixtlahuaca,OAX
20,Oaxaca,093,San Andrés Lagunas,OAX
20,Oaxaca,094,San Andrés Nuxiño,OAX
20,Oaxaca,095,San Andrés Paxtlán,OAX
20,Oaxaca,096,San Andrés Sinaxtla,OAX
20,Oaxaca,097,San Andrés Solaga,OAX
20,Oaxaca,098,San Andrés Teotilálpam,OAX
20,Oaxaca,099,San Andrés Tepetlapa,OAX
20,Oaxaca,100,San Andrés Yaá,OAX
20,Oaxaca,101,San Andrés Zabache,OAX
20,Oaxaca,102,San Andrés Zautla,OAX
20,Oaxaca,103,San Antonino Castillo Velasco,OAX
20,Oaxaca,104,San Antonino el Alto,OAX
20,Oaxaca,105,San Antonino Monte Verde,OAX
20,Oaxaca,106,San Antonio Acutla,OAX
20,Oaxaca,107,San Antonio de la Cal,OAX
20,Oaxaca,108,San Antonio Huitepec,OAX
20,Oaxaca,109,San Antonio Nanahuatípam,OAX
20,Oaxaca,110,San Antonio Sinicahua,OAX
20,Oaxaca,111,San Antonio Tepetlapa,OAX
20,Oaxaca,112,San Baltazar Chichicápam,OAX
20,Oaxaca,113,San Baltazar Loxicha,OAX
20,Oaxaca,114,San Baltazar Yatzachi el Bajo,OAX
20,Oaxaca,115,San Bartolo Coyotepec,OAX
20,Oaxaca,116,San Bartolomé Ayautla,OAX
20,Oaxaca,117,San Bartolomé Loxicha,OAX
20,Oaxaca,118,San Bartolomé Quialana,OAX
20,Oaxaca,119,San Bartolomé Yucuañe,OAX
20,Oaxaca,120,San Bartolomé Zoogocho,OAX
20,Oaxaca,121,San Bartolo Soyaltepec,OAX
20,Oaxaca,122,San Bartolo Yautepec,OAX
20,Oaxaca,123,San Bernardo Mixtepec,OAX
20,Oaxaca,124,San Blas Atempa,OAX
20,Oaxaca,125,San Carlos Yautepec,OAX
20,Oaxaca,126,San Cristóbal Amatlán,OAX
20,Oaxaca,127,San Cristóbal Amoltepec,OAX
20,Oaxaca,128,San Cristóbal Lachirioag,OAX
20,Oaxaca,129,San Cristóbal Suchixtlahuaca,OAX
20,Oaxaca,130,San Dionisio del Mar,OAX
20,Oaxaca,131,San Dionisio Ocotepec,OAX
20,Oaxaca,132,San Dionisio Ocotlán,OAX
20,Oaxaca,133,San Esteban Atatlahuca,OAX
20,Oaxaca,134,San Felipe Jalapa de Díaz,OAX
20,Oaxaca,135,San Felipe Tejalápam,OAX
20,Oaxaca,136,San Felipe Usila,OAX
20,Oaxaca,137,San Francisco Cahuacuá,OAX
20,Oaxaca,138,San Francisco Cajonos,OAX
20,Oaxaca,139,San Francisco Chapulapa,OAX
20,Oaxaca,140,San Francisco Chindúa,OAX
20,Oaxaca,141,San Francisco del Mar,OAX
20,Oaxaca,142,San Francisco Huehuetlán,OAX
20,Oaxaca,143,San Francisco Ixhuatán,OAX
20,Oaxaca,144,San Francisco Jaltepetongo,OAX
20,Oaxaca,145,San Francisco Lachigoló,OAX
20,Oaxaca,146,San Francisco Logueche,OAX
20,Oaxaca,147,San Francisco Nuxaño,OAX
20,Oaxaca,148,San Francisco Ozolotepec,OAX
20,Oaxaca,149,San Francisco Sola,OAX
20,Oaxaca,150,San Francisco Telixtlahuaca,OAX
20,Oaxaca,151,San Francisco Teopan,OAX
20,Oaxaca,152,San Francisco Tlapancingo,OAX
20,Oaxaca,153,San Gabriel Mixtepec,OAX
20,Oaxaca,154,San Ildefonso Amatlán,OAX
20,Oaxaca,155,San Ildefonso Sola,OAX
20,Oaxaca,156,San Ildefonso Villa Alta,OAX
20,Oaxaca,157,San Jacinto Amilpas,OAX
20,Oaxaca,158,San Jacinto Tlacotepec,OAX
20,Oaxaca,159,San Jerónimo Coatlán,OAX
20,Oaxaca,160,San Jerónimo Silacayoapilla,OAX
20,Oaxaca,161,San Jerónimo Sosola,OAX
20,Oaxaca,162,San Jerónimo Taviche,OAX
20,Oaxaca,163,San Jerónimo Tecóatl,OAX
20,Oaxaca,164,San Jorge Nuchita,OAX
20,Oaxaca,165,San José Ayuquila,OAX
20,Oaxaca,166,San José Chiltepec,OAX
20,Oaxaca,167,San José del Peñasco,OAX
20,Oaxaca,168,San José Estancia Grande,OAX
20,Oaxaca,169,San José Independencia,OAX
20,Oaxaca,170,San José Lachiguiri,OAX
20,Oaxaca,171,San José Tenango,OAX
20,Oaxaca,172,San Juan Achiutla,OAX
20,Oaxaca,173,San Juan Atepec,OAX
20,Oaxaca,174,Ánimas Trujano,OAX
20,Oaxaca,175,San Juan Bautista Atatlahuca,OAX
20,Oaxaca,176,San Juan Bautista Coixtlahuaca,OAX
20,Oaxaca,177,San Juan Bautista Cuicatlán,OAX
20,Oaxaca,178,San Juan Bautista Guelache,OAX
20,Oaxaca,179,San Juan Bautista Jayacatlán,OAX
20,Oaxaca,180,San Juan Bautista Lo de Soto,OAX
20,Oaxaca,181,San Juan Bautista Suchitepec,OAX
20,Oaxaca,182,San Juan Bautista Tlacoatzintepec,OAX
20,Oaxaca,183,San Juan Bautista Tlachichilco,OAX
20,Oaxaca,184,San Juan Bautista Tuxtepec,OAX
20,Oaxaca,185,San Juan Cacahuatepec,OAX
20,Oaxaca,186,San Juan Cieneguilla,OAX
20,Oaxaca,187,San Juan Coatzóspam,OAX
20,Oaxaca,188,San Juan Colorado,OAX
20,Oaxaca,189,San Juan Comaltepec,OAX
20,Oaxaca,190,San Juan Cotzocón,OAX
20,Oaxaca,191,San Juan Chicomezúchil,OAX
20,Oaxaca,192,San Juan Chilateca,OAX
20,Oaxaca,193,San Juan del Estado,OAX
20,Oaxaca,194,San Juan del Río,OAX
20,Oaxaca,195,San Juan Diuxi,OAX
20,Oaxaca,196,San Juan Evangelista Analco,OAX
20,Oaxaca,197,San Juan Guelavía,OAX
20,Oaxaca,198,San Juan Guichicovi,OAX
20,Oaxaca,199,San Juan Ihualtepec,OAX
20,Oaxaca,200,San Juan Juquila Mixes,OAX
20,Oaxaca,201,San Juan Juquila Vijanos,OAX
20,Oaxaca,202,San Juan Lachao,OAX
20,Oaxaca,203,San Juan Lachigalla,OAX
20,Oaxaca,204,San Juan Lajarcia,OAX
20,Oaxaca,205,San Juan Lalana,OAX
20,Oaxaca,206,San Juan de los Cués,OAX
20,Oaxaca,207,San Juan Mazatlán,OAX
20,Oaxaca,208,San Juan Mixtepec -Dto. 08 -,OAX
20,Oaxaca,209,San Juan Mixtepec -Dto. 26 -,OAX
20,Oaxaca,210,San Juan Ñumí,OAX
20,Oaxaca,211,San Juan Ozolotepec,OAX
20,Oaxaca,212,San Juan Petlapa,OAX
20,Oaxaca,213,San Juan Quiahije,OAX
20,Oaxaca,214,San Juan Quiotepec,OAX
20,Oaxaca,215,San Juan Sayultepec,OAX
20,Oaxaca,216,San Juan Tabaá,OAX
20,Oaxaca,217,San Juan Tamazola,OAX
20,Oaxaca,218,San Juan Teita,OAX
20,Oaxaca,219,San Juan Teitipac,OAX
20,Oaxaca,220,San Juan Tepeuxila,OAX
20,Oaxaca,221,San Juan Teposcolula,OAX
20,Oaxaca,222,San Juan Yaeé,OAX
20,Oaxaca,223,San Juan Yatzona,OAX
20,Oaxaca,224,San Juan Yucuita,OAX
20,Oaxaca,225,San Lorenzo,OAX
20,Oaxaca,226,San Lorenzo Albarradas,OAX
20,Oaxaca,227,San Lorenzo Cacaotepec,OAX
20,Oaxaca,228,San Lorenzo Cuaunecuiltitla,OAX
20,Oaxaca,229,San Lorenzo Texmelúcan,OAX
20,Oaxaca,230,San Lorenzo Victoria,OAX
20,Oaxaca,231,San Lucas Camotlán,OAX
20,Oaxaca,232,San Lucas Ojitlán,OAX
20,Oaxaca,233,San Lucas Quiaviní,OAX
20,Oaxaca,234,San Lucas Zoquiápam,OAX
20,Oaxaca,235,San Luis Amatlán,OAX
20,Oaxaca,236,San Marcial Ozolotepec,OAX
20,Oaxaca,237,San Marcos Arteaga,OAX
20,Oaxaca,238,San Martín de los Cansecos,OAX
20,Oaxaca,239,San Martín Huamelúlpam,OAX
20,Oaxaca,240,San Martín Itunyoso,OAX
20,Oaxaca,241,San Martín Lachilá,OAX
20,Oaxaca,242,San Martín Peras,OAX
20,Oaxaca,243,San Martín Tilcajete,OAX
20,Oaxaca,244,San Martín Toxpalan,OAX
20,Oaxaca,245,San Martín Zacatepec,OAX
20,Oaxaca,246,San Mateo Cajonos,OAX
20,Oaxaca,247,Capulálpam de Méndez,OAX
20,Oaxaca,248,San Mateo del Mar,OAX
20,Oaxaca,249,San Mateo Yoloxochitlán,OAX
20,Oaxaca,250,San Mateo Etlatongo,OAX
20,Oaxaca,251,San Mateo Nejápam,OAX
20,Oaxaca,252,San Mateo Peñasco,OAX
20,Oaxaca,253,San Mateo Piñas,OAX
20,Oaxaca,254,San Mateo Río Hondo,OAX
20,Oaxaca,255,San Mateo Sindihui,OAX
20,Oaxaca,256,San Mateo Tlapiltepec,OAX
20,Oaxaca,257,San Melchor Betaza,OAX
20,Oaxaca,258,San Miguel Achiutla,OAX
20,Oaxaca,259,San Miguel Ahuehuetitlán,OAX
20,Oaxaca,260,San Miguel Aloápam,OAX
20,Oaxaca,261,San Miguel Amatitlán,OAX
20,Oaxaca,262,San Miguel Amatlán,OAX
20,Oaxaca,263,San Miguel Coatlán,OAX
20,Oaxaca,264,San Miguel Chicahua,OAX
20,Oaxaca,265,San Miguel Chimalapa,OAX
20,Oaxaca,266,San Miguel del Puerto,OAX
20,Oaxaca,267,San Miguel del Río,OAX
20,Oaxaca,268,San Miguel Ejutla,OAX
20,Oaxaca,269,San Miguel el Grande,OAX
20,Oaxaca,270,San Miguel Huautla,OAX
20,Oaxaca,271,San Miguel Mixtepec,OAX
20,Oaxaca,272,San Miguel Panixtlahuaca,OAX
20,Oaxaca,273,San Miguel Peras,OAX
20,Oaxaca,274,San Miguel Piedras,OAX
20,Oaxaca,275,San Miguel Quetzaltepec,OAX
20,Oaxaca,276,San Miguel Santa Flor,OAX
20,Oaxaca,277,Villa Sola de Vega,OAX
20,Oaxaca,278,San Miguel Soyaltepec,OAX
20,Oaxaca,279,San Miguel Suchixtepec,OAX
20,Oaxaca,280,Villa Talea de Castro,OAX
20,Oaxaca,281,San Miguel Tecomatlán,OAX
20,Oaxaca,282,San Miguel Tenango,OAX
20,Oaxaca,283,San Miguel Tequixtepec,OAX
20,Oaxaca,284,San Miguel Tilquiápam,OAX
20,Oaxaca,285,San Miguel Tlacamama,OAX
20,Oaxaca,286,San Miguel Tlacotepec,OAX
20,Oaxaca,287,San Miguel Tulancingo,OAX
20,Oaxaca,288,San Miguel Yotao,OAX
20,Oaxaca,289,San Nicolás,OAX
20,Oaxaca,290,San Nicolás Hidalgo,OAX
20,Oaxaca,291,San Pablo Coatlán,OAX
20,Oaxaca,292,San Pablo Cuatro Venados,OAX
20,Oaxaca,293,San Pablo Etla,OAX
20,Oaxaca,294,San Pablo Huitzo,OAX
20,Oaxaca,295,San Pablo Huixtepec,OAX
20,Oaxaca,296,San Pablo Macuiltianguis,OAX
20,Oaxaca,297,San Pablo Tijaltepec,OAX
20,Oaxaca,298,San Pablo Villa de Mitla,OAX
20,Oaxaca,299,San Pablo Yaganiza,OAX
20,Oaxaca,300,San Pedro Amuzgos,OAX
20,Oaxaca,301,San Pedro Apóstol,OAX
20,Oaxaca,302,San Pedro Atoyac,OAX
20,Oaxaca,303,San Pedro Cajonos,OAX
20,Oaxaca,304,San Pedro Coxcaltepec Cántaros,OAX
20,Oaxaca,305,San Pedro Comitancillo,OAX
20,Oaxaca,306,San Pedro el Alto,OAX
20,Oaxaca,307,San Pedro Huamelula,OAX
20,Oaxaca,308,San Pedro Huilotepec,OAX
20,Oaxaca,309,San Pedro Ixcatlán,OAX
20,Oaxaca,310,San Pedro Ixtlahuaca,OAX
20,Oaxaca,311,San Pedro Jaltepetongo,OAX
20,Oaxaca,312,San Pedro Jicayán,OAX
20,Oaxaca,313,San Pedro Jocotipac,OAX
20,Oaxaca,314,San Pedro Juchatengo,OAX
20,Oaxaca,315,San Pedro Mártir,OAX
20,Oaxaca,316,San Pedro Mártir Quiechapa,OAX
20,Oaxaca,317,San Pedro Mártir Yucuxaco,OAX
20,Oaxaca,318,San Pedro Mixtepec -Dto. 22 -,OAX
20,Oaxaca,319,San Pedro Mixtepec -Dto. 26 -,OAX
20,Oaxaca,320,San Pedro Molinos,OAX
20,Oaxaca,321,San Pedro Nopala,OAX
20,Oaxaca,322,San Pedro Ocopetatillo,OAX
20,Oaxaca,323,San Pedro Ocotepec,OAX
20,Oaxaca,324,San Pedro Pochutla,OAX
20,Oaxaca,325,San Pedro Quiatoni,OAX
20,Oaxaca,326,San Pedro Sochiápam,OAX
20,Oaxaca,327,San Pedro Tapanatepec,OAX
20,Oaxaca,328,San Pedro Taviche,OAX
20,Oaxaca,329,San Pedro Teozacoalco,OAX
20,Oaxaca,330,San Pedro Teutila,OAX
20,Oaxaca,331,San Pedro Tidaá,OAX
20,Oaxaca,332,San Pedro Topiltepec,OAX
20,Oaxaca,333,San Pedro Totolápam,OAX
20,Oaxaca,334,Villa de Tututepec de Melchor Ocampo,OAX
20,Oaxaca,335,San Pedro Yaneri,OAX
20,Oaxaca,336,San Pedro Yólox,OAX
20,Oaxaca,337,San Pedro y San Pablo Ayutla,OAX
20,Oaxaca,338,Villa de Etla,OAX
20,Oaxaca,339,San Pedro y San Pablo Teposcolula,OAX
20,Oaxaca,340,San Pedro y San Pablo Tequixtepec,OAX
20,Oaxaca,341,San Pedro Yucunama,OAX
20,Oaxaca,342,San Raymundo Jalpan,OAX
20,Oaxaca,343,San Sebastián Abasolo,OAX
20,Oaxaca,344,San Sebastián Coatlán,OAX
20,Oaxaca,345,San Sebastián Ixcapa,OAX
20,Oaxaca,346,San Sebastián Nicananduta,OAX
20,Oaxaca,347,San Sebastián Río Hondo,OAX
20,Oaxaca,348,San Sebastián Tecomaxtlahuaca,OAX
20,Oaxaca,349,San Sebastián Teitipac,OAX
20,Oaxaca,350,San Sebastián Tutla,OAX
20,Oaxaca,351,San Simón Almolongas,OAX
20,Oaxaca,352,San Simón Zahuatlán,OAX
20,Oaxaca,353,Santa Ana,OAX
20,Oaxaca,354,Santa Ana Ateixtlahuaca,OAX
20,Oaxaca,355,Santa Ana Cuauhtémoc,OAX
20,Oaxaca,356,Santa Ana del Valle,OAX
20,Oaxaca,357,Santa Ana Tavela,OAX
20,Oaxaca,358,Santa Ana Tlapacoyan,OAX
20,Oaxaca,359,Santa Ana Yareni,OAX
20,Oaxaca,360,Santa Ana Zegache,OAX
20,Oaxaca,361,Santa Catalina Quierí,OAX
20,Oaxaca,362,Santa Catarina Cuixtla,OAX
20,Oaxaca,363,Santa Catarina Ixtepeji,OAX
20,Oaxaca,364,Santa Catarina Juquila,OAX
20,Oaxaca,365,Santa Catarina Lachatao,OAX
20,Oaxaca,366,Santa Catarina Loxicha,OAX
20,Oaxaca,367,Santa Catarina Mechoacán,OAX
20,Oaxaca,368,Santa Catarina Minas,OAX
20,Oaxaca,369,Santa Catarina Quiané,OAX
20,Oaxaca,370,Santa Catarina Tayata,OAX
20,Oaxaca,371,Santa Catarina Ticuá,OAX
20,Oaxaca,372,Santa Catarina Yosonotú,OAX
20,Oaxaca,373,Santa Catarina Zapoquila,OAX
20,Oaxaca,374,Santa Cruz Acatepec,OAX
20,Oaxaca,375,Santa Cruz Amilpas,OAX
20,Oaxaca,376,Santa Cruz de Bravo,OAX
20,Oaxaca,377,Santa Cruz Itundujia,OAX
20,Oaxaca,378,Santa Cruz Mixtepec,OAX
20,Oaxaca,379,Santa Cruz Nundaco,OAX
20,Oaxaca,380,Santa Cruz Papalutla,OAX
20,Oaxaca,381,Santa Cruz Tacache de Mina,OAX
20,Oaxaca,382,Santa Cruz Tacahua,OAX
20,Oaxaca,383,Santa Cruz Tayata,OAX
20,Oaxaca,384,Santa Cruz Xitla,OAX
20,Oaxaca,385,Santa Cruz Xoxocotlán,OAX
20,Oaxaca,386,Santa Cruz Zenzontepec,OAX
20,Oaxaca,387,Santa Gertrudis,OAX
20,Oaxaca,388,Santa Inés del Monte,OAX
20,Oaxaca,389,Santa Inés Yatzeche,OAX
20,Oaxaca,390,Santa Lucía del Camino,OAX
20,Oaxaca,391,Santa Lucía Miahuatlán,OAX
20,Oaxaca,392,Santa Lucía Monteverde,OAX
20,Oaxaca,393,Santa Lucía Ocotlán,OAX
20,Oaxaca,394,Santa María Alotepec,OAX
20,Oaxaca,395,Santa María Apazco,OAX
20,Oaxaca,396,Santa María la Asunción,OAX
20,Oaxaca,397,Heroica Ciudad de Tlaxiaco,OAX
20,Oaxaca,398,Ayoquezco de Aldama,OAX
20,Oaxaca,399,Santa María Atzompa,OAX
20,Oaxaca,400,Santa María Camotlán,OAX
20,Oaxaca,401,Santa María Colotepec,OAX
20,Oaxaca,402,Santa María Cortijo,OAX
20,Oaxaca,403,Santa María Coyotepec,OAX
20,Oaxaca,404,Santa María Chachoápam,OAX
20,Oaxaca,405,Villa de Chilapa de Díaz,OAX
20,Oaxaca,406,Santa María Chilchotla,OAX
20,Oaxaca,407,Santa María Chimalapa,OAX
20,Oaxaca,408,Santa María del Rosario,OAX
20,Oaxaca,409,Santa María del Tule,OAX
20,Oaxaca,410,Santa María Ecatepec,OAX
20,Oaxaca,411,Santa María Guelacé,OAX
20,Oaxaca,412,Santa María Guienagati,OAX
20,Oaxaca,413,Santa María Huatulco,OAX
20,Oaxaca,414,Santa María Huazolotitlán,OAX
20,Oaxaca,415,Santa María Ipalapa,OAX
20,Oaxaca,416,Santa María Ixcatlán,OAX
20,Oaxaca,417,Santa María Jacatepec,OAX
20,Oaxaca,418,Santa María Jalapa del Marqués,OAX
20,Oaxaca,419,Santa María Jaltianguis,OAX
20,Oaxaca,420,Santa María Lachixío,OAX
20,Oaxaca,421,Santa María Mixtequilla,OAX
20,Oaxaca,422,Santa María Nativitas,OAX
20,Oaxaca,423,Santa María Nduayaco,OAX
20,Oaxaca,424,Santa María Ozolotepec,OAX
20,Oaxaca,425,Santa María Pápalo,OAX
20,Oaxaca,426,Santa María Peñoles,OAX
20,Oaxaca,427,Santa María Petapa,OAX
20,Oaxaca,428,Santa María Quiegolani,OAX
20,Oaxaca,429,Santa María Sola,OAX
20,Oaxaca,430,Santa María Tataltepec,OAX
20,Oaxaca,431,Santa María Tecomavaca,OAX
20,Oaxaca,432,Santa María Temaxcalapa,OAX
20,Oaxaca,433,Santa María Temaxcaltepec,OAX
20,Oaxaca,434,Santa María Teopoxco,OAX
20,Oaxaca,435,Santa María Tepantlali,OAX
20,Oaxaca,436,Santa María Texcatitlán,OAX
20,Oaxaca,437,Santa María Tlahuitoltepec,OAX
20,Oaxaca,438,Santa María Tlalixtac,OAX
20,Oaxaca,439,Santa María Tonameca,OAX
20,Oaxaca,440,Santa María Totolapilla,OAX
20,Oaxaca,441,Santa María Xadani,OAX
20,Oaxaca,442,Santa María Yalina,OAX
20,Oaxaca,443,Santa María Yavesía,OAX
20,Oaxaca,444,Santa María Yolotepec,OAX
20,Oaxaca,445,Santa María Yosoyúa,OAX
20,Oaxaca,446,Santa María Yucuhiti,OAX
20,Oaxaca,447,Santa María Zacatepec,OAX
20,Oaxaca,448,Santa María Zaniza,OAX
20,Oaxaca,449,Santa María Zoquitlán,OAX
20,Oaxaca,450,Santiago Amoltepec,OAX
20,Oaxaca,451,Santiago Apoala,OAX
20,Oaxaca,452,Santiago Apóstol,OAX
20,Oaxaca,453,Santiago Astata,OAX
20,Oaxaca,454,Santiago Atitlán,OAX
20,Oaxaca,455,Santiago Ayuquililla,OAX
20,Oaxaca,456,Santiago Cacaloxtepec,OAX
20,Oaxaca,457,Santiago Camotlán,OAX
20,Oaxaca,458,Santiago Comaltepec,OAX
20,Oaxaca,459,Santiago Chazumba,OAX
20,Oaxaca,460,Santiago Choápam,OAX
20,Oaxaca,461,Santiago del Río,OAX
20,Oaxaca,462,Santiago Huajolotitlán,OAX
20,Oaxaca,463,Santiago Huauclilla,OAX
20,Oaxaca,464,Santiago Ihuitlán Plumas,OAX
20,Oaxaca,465,Santiago Ixcuintepec,OAX
20,Oaxaca,466,Santiago Ixtayutla,OAX
20,Oaxaca,467,Santiago Jamiltepec,OAX
20,Oaxaca,468,Santiago Jocotepec,OAX
20,Oaxaca,469,Santiago Juxtlahuaca,OAX
20,Oaxaca,470,Santiago Lachiguiri,OAX
20,Oaxaca,471,Santiago Lalopa,OAX
20,Oaxaca,472,Santiago Laollaga,OAX
20,Oaxaca,473,Santiago Laxopa,OAX
20,Oaxaca,474,Santiago Llano Grande,OAX
20,Oaxaca,475,Santiago Matatlán,OAX
20,Oaxaca,476,Santiago Miltepec,OAX
20,Oaxaca,477,Santiago Minas,OAX
20,Oaxaca,478,Santiago Nacaltepec,OAX
20,Oaxaca,479,Santiago Nejapilla,OAX
20,Oaxaca,480,Santiago Nundiche,OAX
20,Oaxaca,481,Santiago Nuyoó,OAX
20,Oaxaca,482,Santiago Pinotepa Nacional,OAX
20,Oaxaca,483,Santiago Suchilquitongo,OAX
20,Oaxaca,484,Santiago Tamazola,OAX
20,Oaxaca,485,Santiago Tapextla,OAX
20,Oaxaca,486,Villa Tejúpam de la Unión,OAX
20,Oaxaca,487,Santiago Tenango,OAX
20,Oaxaca,488,Santiago Tepetlapa,OAX
20,Oaxaca,489,Santiago Tetepec,OAX
20,Oaxaca,490,Santiago Texcalcingo,OAX
20,Oaxaca,491,Santiago Textitlán,OAX
20,Oaxaca,492,Santiago Tilantongo,OAX
20,Oaxaca,493,Santiago Tillo,OAX
20,Oaxaca,494,Santiago Tlazoyaltepec,OAX
20,Oaxaca,495,Santiago Xanica,OAX
20,Oaxaca,496,Santiago Xiacuí,OAX
20,Oaxaca,497,Santiago Yaitepec,OAX
20,Oaxaca,498,Santiago Yaveo,OAX
20,Oaxaca,499,Santiago Yolomécatl,OAX
20,Oaxaca,500,Santiago Yosondúa,OAX
20,Oaxaca,501,Santiago Yucuyachi,OAX
20,Oaxaca,502,Santiago Zacatepec,OAX
20,Oaxaca,503,Santiago Zoochila,OAX
20,Oaxaca,504,Nuevo Zoquiápam,OAX
20,Oaxaca,505,Santo Domingo Ingenio,OAX
20,Oaxaca,506,Santo Domingo Albarradas,OAX
20,Oaxaca,507,Santo Domingo Armenta,OAX
20,Oaxaca,508,Santo Domingo Chihuitán,OAX
20,Oaxaca,509,Santo Domingo de Morelos,OAX
20,Oaxaca,510,Santo Domingo Ixcatlán,OAX
20,Oaxaca,511,Santo Domingo Nuxaá,OAX
20,Oaxaca,512,Santo Domingo Ozolotepec,OAX
20,Oaxaca,513,Santo Domingo Petapa,OAX
20,Oaxaca,514,Santo Domingo Roayaga,OAX
20,Oaxaca,515,Santo Domingo Tehuantepec,OAX
20,Oaxaca,516,Santo Domingo Teojomulco,OAX
20,Oaxaca,517,Santo Domingo Tepuxtepec,OAX
20,Oaxaca,518,Santo Domingo Tlatayápam,OAX
20,Oaxaca,519,Santo Domingo Tomaltepec,OAX
20,Oaxaca,520,Santo Domingo Tonalá,OAX
20,Oaxaca,521,Santo Domingo Tonaltepec,OAX
20,Oaxaca,522,Santo Domingo Xagacía,OAX
20,Oaxaca,523,Santo Domingo Yanhuitlán,OAX
20,Oaxaca,524,Santo Domingo Yodohino,OAX
20,Oaxaca,525,Santo Domingo Zanatepec,OAX
20,Oaxaca,526,Santos Reyes Nopala,OAX
20,Oaxaca,527,Santos Reyes Pápalo,OAX
20,Oaxaca,528,Santos Reyes Tepejillo,OAX
20,Oaxaca,529,Santos Reyes Yucuná,OAX
20,Oaxaca,530,Santo Tomás Jalieza,OAX
20,Oaxaca,531,Santo Tomás Mazaltepec,OAX
20,Oaxaca,532,Santo Tomás Ocotepec,OAX
20,Oaxaca,533,Santo Tomás Tamazulapan,OAX
20,Oaxaca,534,San Vicente Coatlán,OAX
20,Oaxaca,535,San Vicente Lachixío,OAX
20,Oaxaca,536,San Vicente Nuñú,OAX
20,Oaxaca,537,Silacayoápam,OAX
20,Oaxaca,538,Sitio de Xitlapehua,OAX
20,Oaxaca,539,Soledad Etla,OAX
20,Oaxaca,540,Villa de Tamazulápam del Progreso,OAX
20,Oaxaca,541,Tanetze de Zaragoza,OAX
20,Oaxaca,542,Taniche,OAX
20,Oaxaca,543,Tataltepec de Valdés,OAX
20,Oaxaca,544,Teococuilco de Marcos Pérez,OAX
20,Oaxaca,545,Teotitlán de Flores Magón,OAX
20,Oaxaca,546,Teotitlán del Valle,OAX
20,Oaxaca,547,Teotongo,OAX
20,Oaxaca,548,Tepelmeme Villa de Morelos,OAX
20,Oaxaca,549,"Heroica Villa Tezoatlán de Segura y Luna, Cuna de la Independencia de Oaxaca",OAX
20,Oaxaca,550,San Jerónimo Tlacochahuaya,OAX
20,Oaxaca,551,Tlacolula de Matamoros,OAX
20,Oaxaca,552,Tlacotepec Plumas,OAX
20,Oaxaca,553,Tlalixtac de Cabrera,OAX
20,Oaxaca,554,Totontepec Villa de Morelos,OAX
20,Oaxaca,555,Trinidad Zaachila,OAX
20,Oaxaca,556,La Trinidad Vista Hermosa,OAX
20,Oaxaca,557,Unión Hidalgo,OAX
20,Oaxaca,558,Valerio Trujano,OAX
20,Oaxaca,559,San Juan Bautista Valle Nacional,OAX
20,Oaxaca,560,Villa Díaz Ordaz,OAX
20,Oaxaca,561,Yaxe,OAX
20,Oaxaca,562,Magdalena Yodocono de Porfirio Díaz,OAX
20,Oaxaca,563,Yogana,OAX
20,Oaxaca,564,Yutanduchi de Guerrero,OAX
20,Oaxaca,565,Villa de Zaachila,OAX
20,Oaxaca,566,San Mateo Yucutindó,OAX
20,Oaxaca,567,Zapotitlán Lagunas,OAX
20,Oaxaca,568,Zapotitlán Palmas,OAX
20,Oaxaca,569,Santa Inés de Zaragoza,OAX
20,Oaxaca,570,Zimatlán de Álvarez,OAX
21,Puebla,001,Acajete,PUE
21,Puebla,002,Acateno,PUE
21,Puebla,003,Acatlán,PUE
21,Puebla,004,Acatzingo,PUE
21,Puebla,005,Acteopan,PUE
21,Puebla,006,Ahuacatlán,PUE
21,Puebla,007,Ahuatlán,PUE
21,Puebla,008,Ahuazotepec,PUE
21,Puebla,009,Ahuehuetitla,PUE
21,Puebla,010,Ajalpan,PUE
21,Puebla,011,Albino Zertuche,PUE
21,Puebla,012,Aljojuca,PUE
21,Puebla,013,Altepexi,PUE
21,Puebla,014,Amixtlán,PUE
21,Puebla,015,Amozoc,PUE
21,Puebla,016,Aquixtla,PUE
21,Puebla,017,Atempan,PUE
21,Puebla,018,Atexcal,PUE
21,Puebla,019,Atlixco,PUE
21,Puebla,020,Atoyatempan,PUE
21,Puebla,021,Atzala,PUE
21,Puebla,022,Atzitzihuacán,PUE
21,Puebla,023,Atzitzintla,PUE
21,Puebla,024,Axutla,PUE
21,Puebla,025,Ayotoxco de Guerrero,PUE
21,Puebla,026,Calpan,PUE
21,Puebla,027,Caltepec,PUE
21,Puebla,028,Camocuautla,PUE
21,Puebla,029,Caxhuacan,PUE
21,Puebla,030,Coatepec,PUE
21,Puebla,031,Coatzingo,PUE
21,Puebla,032,Cohetzala,PUE
21,Puebla,033,Cohuecan,PUE
21,Puebla,034,Coronango,PUE
21,Puebla,035,Coxcatlán,PUE
21,Puebla,036,Coyomeapan,PUE
21,Puebla,037,Coyotepec,PUE
21,Puebla,038,Cuapiaxtla de Madero,PUE
21,Puebla,039,Cuautempan,PUE
21,Puebla,040,Cuautinchán,PUE
21,Puebla,041,Cuautlancingo,PUE
21,Puebla,042,Cuayuca de Andrade,PUE
21,Puebla,043,Cuetzalan del Progreso,PUE
21,Puebla,044,Cuyoaco,PUE
21,Puebla,045,Chalchicomula de Sesma,PUE
21,Puebla,046,Chapulco,PUE
21,Puebla,047,Chiautla,PUE
21,Puebla,048,Chiautzingo,PUE
21,Puebla,049,Chiconcuautla,PUE
21,Puebla,050,Chichiquila,PUE
21,Puebla,051,Chietla,PUE
21,Puebla,052,Chigmecatitlán,PUE
21,Puebla,053,Chignahuapan,PUE
21,Puebla,054,Chignautla,PUE
21,Puebla,055,Chila,PUE
21,Puebla,056,Chila de la Sal,PUE
21,Puebla,057,Honey,PUE
21,Puebla,058,Chilchotla,PUE
21,Puebla,059,Chinantla,PUE
21,Puebla,060,Domingo Arenas,PUE
21,Puebla,061,Eloxochitlán,PUE
21,Puebla,062,Epatlán,PUE
21,Puebla,063,Esperanza,PUE
21,Puebla,064,Francisco Z. Mena,PUE
21,Puebla,065,General Felipe Ángeles,PUE
21,Puebla,066,Guadalupe,PUE
21,Puebla,067,Guadalupe Victoria,PUE
21,Puebla,068,Hermenegildo Galeana,PUE
21,Puebla,069,Huaquechula,PUE
21,Puebla,070,Huatlatlauca,PUE
21,Puebla,071,Huauchinango,PUE
21,Puebla,072,Huehuetla,PUE
21,Puebla,073,Huehuetlán el Chico,PUE
21,Puebla,074,Huejotzingo,PUE
21,Puebla,075,Hueyapan,PUE
21,Puebla,076,Hueytamalco,PUE
21,Puebla,077,Hueytlalpan,PUE
21,Puebla,078,Huitzilan de Serdán,PUE
21,Puebla,079,Huitziltepec,PUE
21,Puebla,080,Atlequizayan,PUE
21,Puebla,081,Ixcamilpa de Guerrero,PUE
21,Puebla,082,Ixcaquixtla,PUE
21,Puebla,083,Ixtacamaxtitlán,PUE
21,Puebla,084,Ixtepec,PUE
21,Puebla,085,Izúcar de Matamoros,PUE
21,Puebla,086,Jalpan,PUE
21,Puebla,087,Jolalpan,PUE
21,Puebla,088,Jonotla,PUE
21,Puebla,089,Jopala,PUE
21,Puebla,090,Juan C. Bonilla,PUE
21,Puebla,091,Juan Galindo,PUE
21,Puebla,092,Juan N. Méndez,PUE
21,Puebla,093,Lafragua,PUE
21,Puebla,094,Libres,PUE
21,Puebla,095,La Magdalena Tlatlauquitepec,PUE
21,Puebla,096,Mazapiltepec de Juárez,PUE
21,Puebla,097,Mixtla,PUE
21,Puebla,098,Molcaxac,PUE
21,Puebla,099,Cañada Morelos,PUE
21,Puebla,100,Naupan,PUE
21,Puebla,101,Nauzontla,PUE
21,Puebla,102,Nealtican,PUE
21,Puebla,103,Nicolás Bravo,PUE
21,Puebla,104,Nopalucan,PUE
21,Puebla,105,Ocotepec,PUE
21,Puebla,106,Ocoyucan,PUE
21,Puebla,107,Olintla,PUE
21,Puebla,108,Oriental,PUE
21,Puebla,109,Pahuatlán,PUE
21,Puebla,110,Palmar de Bravo,PUE
21,Puebla,111,Pantepec,PUE
21,Puebla,112,Petlalcingo,PUE
21,Puebla,113,Piaxtla,PUE
21,Puebla,114,Puebla,PUE
21,Puebla,115,Quecholac,PUE
21,Puebla,116,Quimixtlán,PUE
21,Puebla,117,Rafael Lara Grajales,PUE
21,Puebla,118,Los Reyes de Juárez,PUE
21,Puebla,119,San Andrés Cholula,PUE
21,Puebla,120,San Antonio Cañada,PUE
21,Puebla,121,San Diego la Mesa Tochimiltzingo,PUE
21,Puebla,122,San Felipe Teotlalcingo,PUE
21,Puebla,123,San Felipe Tepatlán,PUE
21,Puebla,124,San Gabriel Chilac,PUE
21,Puebla,125,San Gregorio Atzompa,PUE
21,Puebla,126,San Jerónimo Tecuanipan,PUE
21,Puebla,127,San Jerónimo Xayacatlán,PUE
21,Puebla,128,San José Chiapa,PUE
21,Puebla,129,San José Miahuatlán,PUE
21,Puebla,130,San Juan Atenco,PUE
21,Puebla,131,San Juan Atzompa,PUE
21,Puebla,132,San Martín Texmelucan,PUE
21,Puebla,133,San Martín Totoltepec,PUE
21,Puebla,134,San Matías Tlalancaleca,PUE
21,Puebla,135,San Miguel Ixitlán,PUE
21,Puebla,136,San Miguel Xoxtla,PUE
21,Puebla,137,San Nicolás Buenos Aires,PUE
21,Puebla,138,San Nicolás de los Ranchos,PUE
21,Puebla,139,San Pablo Anicano,PUE
21,Puebla,140,San Pedro Cholula,PUE
21,Puebla,141,San Pedro Yeloixtlahuaca,PUE
21,Puebla,142,San Salvador el Seco,PUE
21,Puebla,143,San Salvador el Verde,PUE
21,Puebla,144,San Salvador Huixcolotla,PUE
21,Puebla,145,San Sebastián Tlacotepec,PUE
21,Puebla,146,Santa Catarina Tlaltempan,PUE
21,Puebla,147,Santa Inés Ahuatempan,PUE
21,Puebla,148,Santa Isabel Cholula,PUE
21,Puebla,149,Santiago Miahuatlán,PUE
21,Puebla,150,Huehuetlán el Grande,PUE
21,Puebla,151,Santo Tomás Hueyotlipan,PUE
21,Puebla,152,Soltepec,PUE
21,Puebla,153,Tecali de Herrera,PUE
21,Puebla,154,Tecamachalco,PUE
21,Puebla,155,Tecomatlán,PUE
21,Puebla,156,Tehuacán,PUE
21,Puebla,157,Tehuitzingo,PUE
21,Puebla,158,Tenampulco,PUE
21,Puebla,159,Teopantlán,PUE
21,Puebla,160,Teotlalco,PUE
21,Puebla,161,Tepanco de López,PUE
21,Puebla,162,Tepango de Rodríguez,PUE
21,Puebla,163,Tepatlaxco de Hidalgo,PUE
21,Puebla,164,Tepeaca,PUE
21,Puebla,165,Tepemaxalco,PUE
21,Puebla,166,Tepeojuma,PUE
21,Puebla,167,Tepetzintla,PUE
21,Puebla,168,Tepexco,PUE
21,Puebla,169,Tepexi de Rodríguez,PUE
21,Puebla,170,Tepeyahualco,PUE
21,Puebla,171,Tepeyahualco de Cuauhtémoc,PUE
21,Puebla,172,Tetela de Ocampo,PUE
21,Puebla,173,Teteles de Avila Castillo,PUE
21,Puebla,174,Teziutlán,PUE
21,Puebla,175,Tianguismanalco,PUE
21,Puebla,176,Tilapa,PUE
21,Puebla,177,Tlacotepec de Benito Juárez,PUE
21,Puebla,178,Tlacuilotepec,PUE
21,Puebla,179,Tlachichuca,PUE
21,Puebla,180,Tlahuapan,PUE
21,Puebla,181,Tlaltenango,PUE
21,Puebla,182,Tlanepantla,PUE
21,Puebla,183,Tlaola,PUE
21,Puebla,184,Tlapacoya,PUE
21,Puebla,185,Tlapanalá,PUE
21,Puebla,186,Tlatlauquitepec,PUE
21,Puebla,187,Tlaxco,PUE
21,Puebla,188,Tochimilco,PUE
21,Puebla,189,Tochtepec,PUE
21,Puebla,190,Totoltepec de Guerrero,PUE
21,Puebla,191,Tulcingo,PUE
21,Puebla,192,Tuzamapan de Galeana,PUE
21,Puebla,193,Tzicatlacoyan,PUE
21,Puebla,194,Venustiano Carranza,PUE
21,Puebla,195,Vicente Guerrero,PUE
21,Puebla,196,Xayacatlán de Bravo,PUE
21,Puebla,197,Xicotepec,PUE
21,Puebla,198,Xicotlán,PUE
21,Puebla,199,Xiutetelco,PUE
21,Puebla,200,Xochiapulco,PUE
21,Puebla,201,Xochiltepec,PUE
21,Puebla,202,Xochitlán de Vicente Suárez,PUE
21,Puebla,203,Xochitlán Todos Santos,PUE
21,Puebla,204,Yaonáhuac,PUE
21,Puebla,205,Yehualtepec,PUE
21,Puebla,206,Zacapala,PUE
21,Puebla,207,Zacapoaxtla,PUE
21,Puebla,208,Zacatlán,PUE
21,Puebla,209,Zapotitlán,PUE
21,Puebla,210,Zapotitlán de Méndez,PUE
21,Puebla,211,Zaragoza,PUE
21,Puebla,212,Zautla,PUE
21,Puebla,213,Zihuateutla,PUE
21,Puebla,214,Zinacatepec,PUE
21,Puebla,215,Zongozotla,PUE
21,Puebla,216,Zoquiapan,PUE
21,Puebla,217,Zoquitlán,PUE
22,Querétaro,001,Amealco de Bonfil,QRO
22,Querétaro,002,Pinal de Amoles,QRO
22,Querétaro,003,Arroyo Seco,QRO
22,Querétaro,004,Cadereyta de Montes,QRO
22,Querétaro,005,Colón,QRO
22,Querétaro,006,Corregidora,QRO
22,Querétaro,007,Ezequiel Montes,QRO
22,Querétaro,008,Huimilpan,QRO
22,Querétaro,009,Jalpan de Serra,QRO
22,Querétaro,010,Landa de Matamoros,QRO
22,Querétaro,011,El Marqués,QRO
22,Querétaro,012,Pedro Escobedo,QRO
22,Querétaro,013,Peñamiller,QRO
22,Querétaro,014,Querétaro,QRO
22,Querétaro,015,San Joaquín,QRO
22,Querétaro,016,San Juan del Río,QRO
22,Querétaro,017,Tequisquiapan,QRO
22,Querétaro,018,Tolimán,QRO
23,Quintana Roo,001,Cozumel,QROO
23,Quintana Roo,002,Felipe Carrillo Puerto,QROO
23,Quintana Roo,003,Isla Mujeres,QROO
23,Quintana Roo,004,Othón P. Blanco,QROO
23,Quintana Roo,005,Benito Juárez,QROO
23,Quintana Roo,006,José María Morelos,QROO
23,Quintana Roo,007,Lázaro Cárdenas,QROO
23,Quintana Roo,008,Solidaridad,QROO
23,Quintana Roo,009,Tulum,QROO
23,Quintana Roo,010,Bacalar,QROO
24,San Luis Potosí,001,Ahualulco,SLP
24,San Luis Potosí,002,Alaquines,SLP
24,San Luis Potosí,003,Aquismón,SLP
24,San Luis Potosí,004,Armadillo de los Infante,SLP
24,San Luis Potosí,005,Cárdenas,SLP
24,San Luis Potosí,006,Catorce,SLP
24,San Luis Potosí,007,Cedral,SLP
24,San Luis Potosí,008,Cerritos,SLP
24,San Luis Potosí,009,Cerro de San Pedro,SLP
24,San Luis Potosí,010,Ciudad del Maíz,SLP
24,San Luis Potosí,011,Ciudad Fernández,SLP
24,San Luis Potosí,012,Tancanhuitz,SLP
24,San Luis Potosí,013,Ciudad Valles,SLP
24,San Luis Potosí,014,Coxcatlán,SLP
24,San Luis Potosí,015,Charcas,SLP
24,San Luis Potosí,016,Ebano,SLP
24,San Luis Potosí,017,Guadalcázar,SLP
24,San Luis Potosí,018,Huehuetlán,SLP
24,San Luis Potosí,019,Lagunillas,SLP
24,San Luis Potosí,020,Matehuala,SLP
24,San Luis Potosí,021,Mexquitic de Carmona,SLP
24,San Luis Potosí,022,Moctezuma,SLP
24,San Luis Potosí,023,Rayón,SLP
24,San Luis Potosí,024,Rioverde,SLP
24,San Luis Potosí,025,Salinas,SLP
24,San Luis Potosí,026,San Antonio,SLP
24,San Luis Potosí,027,San Ciro de Acosta,SLP
24,San Luis Potosí,028,San Luis Potosí,SLP
24,San Luis Potosí,029,San Martín Chalchicuautla,SLP
24,San Luis Potosí,030,San Nicolás Tolentino,SLP
24,San Luis Potosí,031,Santa Catarina,SLP
24,San Luis Potosí,032,Santa María del Río,SLP
24,San Luis Potosí,033,Santo Domingo,SLP
24,San Luis Potosí,034,San Vicente Tancuayalab,SLP
24,San Luis Potosí,035,Soledad de Graciano Sánchez,SLP
24,San Luis Potosí,036,Tamasopo,SLP
24,San Luis Potosí,037,Tamazunchale,SLP
24,San Luis Potosí,038,Tampacán,SLP
24,San Luis Potosí,039,Tampamolón Corona,SLP
24,San Luis Potosí,040,Tamuín,SLP
24,San Luis Potosí,041,Tanlajás,SLP
24,San Luis Potosí,042,Tanquián de Escobedo,SLP
24,San Luis Potosí,043,Tierra Nueva,SLP
24,San Luis Potosí,044,Vanegas,SLP
24,San Luis Potosí,045,Venado,SLP
24,San Luis Potosí,046,Villa de Arriaga,SLP
24,San Luis Potosí,047,Villa de Guadalupe,SLP
24,San Luis Potosí,048,Villa de la Paz,SLP
24,San Luis Potosí,049,Villa de Ramos,SLP
24,San Luis Potosí,050,Villa de Reyes,SLP
24,San Luis Potosí,051,Villa Hidalgo,SLP
24,San Luis Potosí,052,Villa Juárez,SLP
24,San Luis Potosí,053,Axtla de Terrazas,SLP
24,San Luis Potosí,054,Xilitla,SLP
24,San Luis Potosí,055,Zaragoza,SLP
24,San Luis Potosí,056,Villa de Arista,SLP
24,San Luis Potosí,057,Matlapa,SLP
24,San Luis Potosí,058,El Naranjo,SLP
25,Sinaloa,001,Ahome,SIN
25,Sinaloa,002,Angostura,SIN
25,Sinaloa,003,Badiraguato,SIN
25,Sinaloa,004,Concordia,SIN
25,Sinaloa,005,Cosalá,SIN
25,Sinaloa,006,Culiacán,SIN
25,Sinaloa,007,Choix,SIN
25,Sinaloa,008,Elota,SIN
25,Sinaloa,009,Escuinapa,SIN
25,Sinaloa,010,El Fuerte,SIN
25,Sinaloa,011,Guasave,SIN
25,Sinaloa,012,Mazatlán,SIN
25,Sinaloa,013,Mocorito,SIN
25,Sinaloa,014,Rosario,SIN
25,Sinaloa,015,Salvador Alvarado,SIN
25,Sinaloa,016,San Ignacio,SIN
25,Sinaloa,017,Sinaloa,SIN
25,Sinaloa,018,Navolato,SIN
26,Sonora,001,Aconchi,SON
26,Sonora,002,Agua Prieta,SON
26,Sonora,003,Alamos,SON
26,Sonora,004,Altar,SON
26,Sonora,005,Arivechi,SON
26,Sonora,006,Arizpe,SON
26,Sonora,007,Atil,SON
26,Sonora,008,Bacadéhuachi,SON
26,Sonora,009,Bacanora,SON
26,Sonora,010,Bacerac,SON
26,Sonora,011,Bacoachi,SON
26,Sonora,012,Bácum,SON
26,Sonora,013,Banámichi,SON
26,Sonora,014,Baviácora,SON
26,Sonora,015,Bavispe,SON
26,Sonora,016,Benjamín Hill,SON
26,Sonora,017,Caborca,SON
26,Sonora,018,Cajeme,SON
26,Sonora,019,Cananea,SON
26,Sonora,020,Carbó,SON
26,Sonora,021,La Colorada,SON
26,Sonora,022,Cucurpe,SON
26,Sonora,023,Cumpas,SON
26,Sonora,024,Divisaderos,SON
26,Sonora,025,Empalme,SON
26,Sonora,026,Etchojoa,SON
26,Sonora,027,Fronteras,SON
26,Sonora,028,Granados,SON
26,Sonora,029,Guaymas,SON
26,Sonora,030,Hermosillo,SON
26,Sonora,031,Huachinera,SON
26,Sonora,032,Huásabas,SON
26,Sonora,033,Huatabampo,SON
26,Sonora,034,Huépac,SON
26,Sonora,035,Imuris,SON
26,Sonora,036,Magdalena,SON
26,Sonora,037,Mazatán,SON
26,Sonora,038,Moctezuma,SON
26,Sonora,039,Naco,SON
26,Sonora,040,Nácori Chico,SON
26,Sonora,041,Nacozari de García,SON
26,Sonora,042,Navojoa,SON
26,Sonora,043,Nogales,SON
26,Sonora,044,Onavas,SON
26,Sonora,045,Opodepe,SON
26,Sonora,046,Oquitoa,SON
26,Sonora,047,Pitiquito,SON
26,Sonora,048,Puerto Peñasco,SON
26,Sonora,049,Quiriego,SON
26,Sonora,050,Rayón,SON
26,Sonora,051,Rosario,SON
26,Sonora,052,Sahuaripa,SON
26,Sonora,053,San Felipe de Jesús,SON
26,Sonora,054,San Javier,SON
26,Sonora,055,San Luis Río Colorado,SON
26,Sonora,056,San Miguel de Horcasitas,SON
26,Sonora,057,San Pedro de la Cueva,SON
26,Sonora,058,Santa Ana,SON
26,Sonora,059,Santa Cruz,SON
26,Sonora,060,Sáric,SON
26,Sonora,061,Soyopa,SON
26,Sonora,062,Suaqui Grande,SON
26,Sonora,063,Tepache,SON
26,Sonora,064,Trincheras,SON
26,Sonora,065,Tubutama,SON
26,Sonora,066,Ures,SON
26,Sonora,067,Villa Hidalgo,SON
26,Sonora,068,Villa Pesqueira,SON
26,Sonora,069,Yécora,SON
26,Sonora,070,General Plutarco Elías Calles,SON
26,Sonora,071,Benito Juárez,SON
26,Sonora,072,San Ignacio Río Muerto,SON
27,Tabasco,001,Balancán,TAB
27,Tabasco,002,Cárdenas,TAB
27,Tabasco,003,Centla,TAB
27,Tabasco,004,Centro,TAB
27,Tabasco,005,Comalcalco,TAB
27,Tabasco,006,Cunduacán,TAB
27,Tabasco,007,Emiliano Zapata,TAB
27,Tabasco,008,Huimanguillo,TAB
27,Tabasco,009,Jalapa,TAB
27,Tabasco,010,Jalpa de Méndez,TAB
27,Tabasco,011,Jonuta,TAB
27,Tabasco,012,Macuspana,TAB
27,Tabasco,013,Nacajuca,TAB
27,Tabasco,014,Paraíso,TAB
27,Tabasco,015,Tacotalpa,TAB
27,Tabasco,016,Teapa,TAB
27,Tabasco,017,Tenosique,TAB
28,Tamaulipas,001,Abasolo,TAMPS
28,Tamaulipas,002,Aldama,TAMPS
28,Tamaulipas,003,Altamira,TAMPS
28,Tamaulipas,004,Antiguo Morelos,TAMPS
28,Tamaulipas,005,Burgos,TAMPS
28,Tamaulipas,006,Bustamante,TAMPS
28,Tamaulipas,007,Camargo,TAMPS
28,Tamaulipas,008,Casas,TAMPS
28,Tamaulipas,009,Ciudad Madero,TAMPS
28,Tamaulipas,010,Cruillas,TAMPS
28,Tamaulipas,011,Gómez Farías,TAMPS
28,Tamaulipas,012,González,TAMPS
28,Tamaulipas,013,Güémez,TAMPS
28,Tamaulipas,014,Guerrero,TAMPS
28,Tamaulipas,015,Gustavo Díaz Ordaz,TAMPS
28,Tamaulipas,016,Hidalgo,TAMPS
28,Tamaulipas,017,Jaumave,TAMPS
28,Tamaulipas,018,Jiménez,TAMPS
28,Tamaulipas,019,Llera,TAMPS
28,Tamaulipas,020,Mainero,TAMPS
28,Tamaulipas,021,El Mante,TAMPS
28,Tamaulipas,022,Matamoros,TAMPS
28,Tamaulipas,023,Méndez,TAMPS
28,Tamaulipas,024,Mier,TAMPS
28,Tamaulipas,025,Miguel Alemán,TAMPS
28,Tamaulipas,026,Miquihuana,TAMPS
28,Tamaulipas,027,Nuevo Laredo,TAMPS
28,Tamaulipas,028,Nuevo Morelos,TAMPS
28,Tamaulipas,029,Ocampo,TAMPS
28,Tamaulipas,030,Padilla,TAMPS
28,Tamaulipas,031,Palmillas,TAMPS
28,Tamaulipas,032,Reynosa,TAMPS
28,Tamaulipas,033,Río Bravo,TAMPS
28,Tamaulipas,034,San Carlos,TAMPS
28,Tamaulipas,035,San Fernando,TAMPS
28,Tamaulipas,036,San Nicolás,TAMPS
28,Tamaulipas,037,Soto la Marina,TAMPS
28,Tamaulipas,038,Tampico,TAMPS
28,Tamaulipas,039,Tula,TAMPS
28,Tamaulipas,040,Valle Hermoso,TAMPS
28,Tamaulipas,041,Victoria,TAMPS
28,Tamaulipas,042,Villagrán,TAMPS
28,Tamaulipas,043,Xicoténcatl,TAMPS
29,Tlaxcala,001,Amaxac de Guerrero,TLAX
29,Tlaxcala,002,Apetatitlán de Antonio Carvajal,TLAX
29,Tlaxcala,003,Atlangatepec,TLAX
29,Tlaxcala,004,Atltzayanca,TLAX
29,Tlaxcala,005,Apizaco,TLAX
29,Tlaxcala,006,Calpulalpan,TLAX
29,Tlaxcala,007,El Carmen Tequexquitla,TLAX
29,Tlaxcala,008,Cuapiaxtla,TLAX
29,Tlaxcala,009,Cuaxomulco,TLAX
29,Tlaxcala,010,Chiautempan,TLAX
29,Tlaxcala,011,Muñoz de Domingo Arenas,TLAX
29,Tlaxcala,012,Españita,TLAX
29,Tlaxcala,013,Huamantla,TLAX
29,Tlaxcala,014,Hueyotlipan,TLAX
29,Tlaxcala,015,Ixtacuixtla de Mariano Matamoros,TLAX
29,Tlaxcala,016,Ixtenco,TLAX
29,Tlaxcala,017,Mazatecochco de José María Morelos,TLAX
29,Tlaxcala,018,Contla de Juan Cuamatzi,TLAX
29,Tlaxcala,019,Tepetitla de Lardizábal,TLAX
29,Tlaxcala,020,Sanctórum de Lázaro Cárdenas,TLAX
29,Tlaxcala,021,Nanacamilpa de Mariano Arista,TLAX
29,Tlaxcala,022,Acuamanala de Miguel Hidalgo,TLAX
29,Tlaxcala,023,Natívitas,TLAX
29,Tlaxcala,024,Panotla,TLAX
29,Tlaxcala,025,San Pablo del Monte,TLAX
29,Tlaxcala,026,Santa Cruz Tlaxcala,TLAX
29,Tlaxcala,027,Tenancingo,TLAX
29,Tlaxcala,028,Teolocholco,TLAX
29,Tlaxcala,029,Tepeyanco,TLAX
29,Tlaxcala,030,Terrenate,TLAX
29,Tlaxcala,031,Tetla de la Solidaridad,TLAX
29,Tlaxcala,032,Tetlatlahuca,TLAX
29,Tlaxcala,033,Tlaxcala,TLAX
29,Tlaxcala,034,Tlaxco,TLAX
29,Tlaxcala,035,Tocatlán,TLAX
29,Tlaxcala,036,Totolac,TLAX
29,Tlaxcala,037,Ziltlaltépec de Trinidad Sánchez Santos,TLAX
29,Tlaxcala,038,Tzompantepec,TLAX
29,Tlaxcala,039,Xaloztoc,TLAX
29,Tlaxcala,040,Xaltocan,TLAX
29,Tlaxcala,041,Papalotla de Xicohténcatl,TLAX
29,Tlaxcala,042,Xicohtzinco,TLAX
29,Tlaxcala,043,Yauhquemehcan,TLAX
29,Tlaxcala,044,Zacatelco,TLAX
29,Tlaxcala,045,Benito Juárez,TLAX
29,Tlaxcala,046,Emiliano Zapata,TLAX
29,Tlaxcala,047,Lázaro Cárdenas,TLAX
29,Tlaxcala,048,La Magdalena Tlaltelulco,TLAX
29,Tlaxcala,049,San Damián Texóloc,TLAX
29,Tlaxcala,050,San Francisco Tetlanohcan,TLAX
29,Tlaxcala,051,San Jerónimo Zacualpan,TLAX
29,Tlaxcala,052,San José Teacalco,TLAX
29,Tlaxcala,053,San Juan Huactzinco,TLAX
29,Tlaxcala,054,San Lorenzo Axocomanitla,TLAX
29,Tlaxcala,055,San Lucas Tecopilco,TLAX
29,Tlaxcala,056,Santa Ana Nopalucan,TLAX
29,Tlaxcala,057,Santa Apolonia Teacalco,TLAX
29,Tlaxcala,058,Santa Catarina Ayometla,TLAX
29,Tlaxcala,059,Santa Cruz Quilehtla,TLAX
29,Tlaxcala,060,Santa Isabel Xiloxoxtla,TLAX
30,Veracruz de Ignacio de la Llave,001,Acajete,VER
30,Veracruz de Ignacio de la Llave,002,Acatlán,VER
30,Veracruz de Ignacio de la Llave,003,Acayucan,VER
30,Veracruz de Ignacio de la Llave,004,Actopan,VER
30,Veracruz de Ignacio de la Llave,005,Acula,VER
30,Veracruz de Ignacio de la Llave,006,Acultzingo,VER
30,Veracruz de Ignacio de la Llave,007,Camarón de Tejeda,VER
30,Veracruz de Ignacio de la Llave,008,Alpatláhuac,VER
30,Veracruz de Ignacio de la Llave,009,Alto Lucero de Gutiérrez Barrios,VER
30,Veracruz de Ignacio de la Llave,010,Altotonga,VER
30,Veracruz de Ignacio de la Llave,011,Alvarado,VER
30,Veracruz de Ignacio de la Llave,012,Amatitlán,VER
30,Veracruz de Ignacio de la Llave,013,Naranjos Amatlán,VER
30,Veracruz de Ignacio de la Llave,014,Amatlán de los Reyes,VER
30,Veracruz de Ignacio de la Llave,015,Angel R. Cabada,VER
30,Veracruz de Ignacio de la Llave,016,La Antigua,VER
30,Veracruz de Ignacio de la Llave,017,Apazapan,VER
30,Veracruz de Ignacio de la Llave,018,Aquila,VER
30,Veracruz de Ignacio de la Llave,019,Astacinga,VER
30,Veracruz de Ignacio de la Llave,020,Atlahuilco,VER
30,Veracruz de Ignacio de la Llave,021,Atoyac,VER
30,Veracruz de Ignacio de la Llave,022,Atzacan,VER
30,Veracruz de Ignacio de la Llave,023,Atzalan,VER
30,Veracruz de Ignacio de la Llave,024,Tlaltetela,VER
30,Veracruz de Ignacio de la Llave,025,Ayahualulco,VER
30,Veracruz de Ignacio de la Llave,026,Banderilla,VER
30,Veracruz de Ignacio de la Llave,027,Benito Juárez,VER
30,Veracruz de Ignacio de la Llave,028,Boca del Río,VER
30,Veracruz de Ignacio de la Llave,029,Calcahualco,VER
30,Veracruz de Ignacio de la Llave,030,Camerino Z. Mendoza,VER
30,Veracruz de Ignacio de la Llave,031,Carrillo Puerto,VER
30,Veracruz de Ignacio de la Llave,032,Catemaco,VER
30,Veracruz de Ignacio de la Llave,033,Cazones de Herrera,VER
30,Veracruz de Ignacio de la Llave,034,Cerro Azul,VER
30,Veracruz de Ignacio de la Llave,035,Citlaltépetl,VER
30,Veracruz de Ignacio de la Llave,036,Coacoatzintla,VER
30,Veracruz de Ignacio de la Llave,037,Coahuitlán,VER
30,Veracruz de Ignacio de la Llave,038,Coatepec,VER
30,Veracruz de Ignacio de la Llave,039,Coatzacoalcos,VER
30,Veracruz de Ignacio de la Llave,040,Coatzintla,VER
30,Veracruz de Ignacio de la Llave,041,Coetzala,VER
30,Veracruz de Ignacio de la Llave,042,Colipa,VER
30,Veracruz de Ignacio de la Llave,043,Comapa,VER
30,Veracruz de Ignacio de la Llave,044,Córdoba,VER
30,Veracruz de Ignacio de la Llave,045,Cosamaloapan de Carpio,VER
30,Veracruz de Ignacio de la Llave,046,Cosautlán de Carvajal,VER
30,Veracruz de Ignacio de la Llave,047,Coscomatepec,VER
30,Veracruz de Ignacio de la Llave,048,Cosoleacaque,VER
30,Veracruz de Ignacio de la Llave,049,Cotaxtla,VER
30,Veracruz de Ignacio de la Llave,050,Coxquihui,VER
30,Veracruz de Ignacio de la Llave,051,Coyutla,VER
30,Veracruz de Ignacio de la Llave,052,Cuichapa,VER
30,Veracruz de Ignacio de la Llave,053,Cuitláhuac,VER
30,Veracruz de Ignacio de la Llave,054,Chacaltianguis,VER
30,Veracruz de Ignacio de la Llave,055,Chalma,VER
30,Veracruz de Ignacio de la Llave,056,Chiconamel,VER
30,Veracruz de Ignacio de la Llave,057,Chiconquiaco,VER
30,Veracruz de Ignacio de la Llave,058,Chicontepec,VER
30,Veracruz de Ignacio de la Llave,059,Chinameca,VER
30,Veracruz de Ignacio de la Llave,060,Chinampa de Gorostiza,VER
30,Veracruz de Ignacio de la Llave,061,Las Choapas,VER
30,Veracruz de Ignacio de la Llave,062,Chocamán,VER
30,Veracruz de Ignacio de la Llave,063,Chontla,VER
30,Veracruz de Ignacio de la Llave,064,Chumatlán,VER
30,Veracruz de Ignacio de la Llave,065,Emiliano Zapata,VER
30,Veracruz de Ignacio de la Llave,066,Espinal,VER
30,Veracruz de Ignacio de la Llave,067,Filomeno Mata,VER
30,Veracruz de Ignacio de la Llave,068,Fortín,VER
30,Veracruz de Ignacio de la Llave,069,Gutiérrez Zamora,VER
30,Veracruz de Ignacio de la Llave,070,Hidalgotitlán,VER
30,Veracruz de Ignacio de la Llave,071,Huatusco,VER
30,Veracruz de Ignacio de la Llave,072,Huayacocotla,VER
30,Veracruz de Ignacio de la Llave,073,Hueyapan de Ocampo,VER
30,Veracruz de Ignacio de la Llave,074,Huiloapan de Cuauhtémoc,VER
30,Veracruz de Ignacio de la Llave,075,Ignacio de la Llave,VER
30,Veracruz de Ignacio de la Llave,076,Ilamatlán,VER
30,Veracruz de Ignacio de la Llave,077,Isla,VER
30,Veracruz de Ignacio de la Llave,078,Ixcatepec,VER
30,Veracruz de Ignacio de la Llave,079,Ixhuacán de los Reyes,VER
30,Veracruz de Ignacio de la Llave,080,Ixhuatlán del Café,VER
30,Veracruz de Ignacio de la Llave,081,Ixhuatlancillo,VER
30,Veracruz de Ignacio de la Llave,082,Ixhuatlán del Sureste,VER
30,Veracruz de Ignacio de la Llave,083,Ixhuatlán de Madero,VER
30,Veracruz de Ignacio de la Llave,084,Ixmatlahuacan,VER
30,Veracruz de Ignacio de la Llave,085,Ixtaczoquitlán,VER
30,Veracruz de Ignacio de la Llave,086,Jalacingo,VER
30,Veracruz de Ignacio de la Llave,087,Xalapa,VER
30,Veracruz de Ignacio de la Llave,088,Jalcomulco,VER
30,Veracruz de Ignacio de la Llave,089,Jáltipan,VER
30,Veracruz de Ignacio de la Llave,090,Jamapa,VER
30,Veracruz de Ignacio de la Llave,091,Jesús Carranza,VER
30,Veracruz de Ignacio de la Llave,092,Xico,VER
30,Veracruz de Ignacio de la Llave,093,Jilotepec,VER
30,Veracruz de Ignacio de la Llave,094,Juan Rodríguez Clara,VER
30,Veracruz de Ignacio de la Llave,095,Juchique de Ferrer,VER
30,Veracruz de Ignacio de la Llave,096,Landero y Coss,VER
30,Veracruz de Ignacio de la Llave,097,Lerdo de Tejada,VER
30,Veracruz de Ignacio de la Llave,098,Magdalena,VER
30,Veracruz de Ignacio de la Llave,099,Maltrata,VER
30,Veracruz de Ignacio de la Llave,100,Manlio Fabio Altamirano,VER
30,Veracruz de Ignacio de la Llave,101,Mariano Escobedo,VER
30,Veracruz de Ignacio de la Llave,102,Martínez de la Torre,VER
30,Veracruz de Ignacio de la Llave,103,Mecatlán,VER
30,Veracruz de Ignacio de la Llave,104,Mecayapan,VER
30,Veracruz de Ignacio de la Llave,105,Medellín,VER
30,Veracruz de Ignacio de la Llave,106,Miahuatlán,VER
30,Veracruz de Ignacio de la Llave,107,Las Minas,VER
30,Veracruz de Ignacio de la Llave,108,Minatitlán,VER
30,Veracruz de Ignacio de la Llave,109,Misantla,VER
30,Veracruz de Ignacio de la Llave,110,Mixtla de Altamirano,VER
30,Veracruz de Ignacio de la Llave,111,Moloacán,VER
30,Veracruz de Ignacio de la Llave,112,Naolinco,VER
30,Veracruz de Ignacio de la Llave,113,Naranjal,VER
30,Veracruz de Ignacio de la Llave,114,Nautla,VER
30,Veracruz de Ignacio de la Llave,115,Nogales,VER
30,Veracruz de Ignacio de la Llave,116,Oluta,VER
30,Veracruz de Ignacio de la Llave,117,Omealca,VER
30,Veracruz de Ignacio de la Llave,118,Orizaba,VER
30,Veracruz de Ignacio de la Llave,119,Otatitlán,VER
30,Veracruz de Ignacio de la Llave,120,Oteapan,VER
30,Veracruz de Ignacio de la Llave,121,Ozuluama de Mascareñas,VER
30,Veracruz de Ignacio de la Llave,122,Pajapan,VER
30,Veracruz de Ignacio de la Llave,123,Pánuco,VER
30,Veracruz de Ignacio de la Llave,124,Papantla,VER
30,Veracruz de Ignacio de la Llave,125,Paso del Macho,VER
30,Veracruz de Ignacio de la Llave,126,Paso de Ovejas,VER
30,Veracruz de Ignacio de la Llave,127,La Perla,VER
30,Veracruz de Ignacio de la Llave,128,Perote,VER
30,Veracruz de Ignacio de la Llave,129,Platón Sánchez,VER
30,Veracruz de Ignacio de la Llave,130,Playa Vicente,VER
30,Veracruz de Ignacio de la Llave,131,Poza Rica de Hidalgo,VER
30,Veracruz de Ignacio de la Llave,132,Las Vigas de Ramírez,VER
30,Veracruz de Ignacio de la Llave,133,Pueblo Viejo,VER
30,Veracruz de Ignacio de la Llave,134,Puente Nacional,VER
30,Veracruz de Ignacio de la Llave,135,Rafael Delgado,VER
30,Veracruz de Ignacio de la Llave,136,Rafael Lucio,VER
30,Veracruz de Ignacio de la Llave,137,Los Reyes,VER
30,Veracruz de Ignacio de la Llave,138,Río Blanco,VER
30,Veracruz de Ignacio de la Llave,139,Saltabarranca,VER
30,Veracruz de Ignacio de la Llave,140,San Andrés Tenejapan,VER
30,Veracruz de Ignacio de la Llave,141,San Andrés Tuxtla,VER
30,Veracruz de Ignacio de la Llave,142,San Juan Evangelista,VER
30,Veracruz de Ignacio de la Llave,143,Santiago Tuxtla,VER
30,Veracruz de Ignacio de la Llave,144,Sayula de Alemán,VER
30,Veracruz de Ignacio de la Llave,145,Soconusco,VER
30,Veracruz de Ignacio de la Llave,146,Sochiapa,VER
30,Veracruz de Ignacio de la Llave,147,Soledad Atzompa,VER
30,Veracruz de Ignacio de la Llave,148,Soledad de Doblado,VER
30,Veracruz de Ignacio de la Llave,149,Soteapan,VER
30,Veracruz de Ignacio de la Llave,150,Tamalín,VER
30,Veracruz de Ignacio de la Llave,151,Tamiahua,VER
30,Veracruz de Ignacio de la Llave,152,Tampico Alto,VER
30,Veracruz de Ignacio de la Llave,153,Tancoco,VER
30,Veracruz de Ignacio de la Llave,154,Tantima,VER
30,Veracruz de Ignacio de la Llave,155,Tantoyuca,VER
30,Veracruz de Ignacio de la Llave,156,Tatatila,VER
30,Veracruz de Ignacio de la Llave,157,Castillo de Teayo,VER
30,Veracruz de Ignacio de la Llave,158,Tecolutla,VER
30,Veracruz de Ignacio de la Llave,159,Tehuipango,VER
30,Veracruz de Ignacio de la Llave,160,Álamo Temapache,VER
30,Veracruz de Ignacio de la Llave,161,Tempoal,VER
30,Veracruz de Ignacio de la Llave,162,Tenampa,VER
30,Veracruz de Ignacio de la Llave,163,Tenochtitlán,VER
30,Veracruz de Ignacio de la Llave,164,Teocelo,VER
30,Veracruz de Ignacio de la Llave,165,Tepatlaxco,VER
30,Veracruz de Ignacio de la Llave,166,Tepetlán,VER
30,Veracruz de Ignacio de la Llave,167,Tepetzintla,VER
30,Veracruz de Ignacio de la Llave,168,Tequila,VER
30,Veracruz de Ignacio de la Llave,169,José Azueta,VER
30,Veracruz de Ignacio de la Llave,170,Texcatepec,VER
30,Veracruz de Ignacio de la Llave,171,Texhuacán,VER
30,Veracruz de Ignacio de la Llave,172,Texistepec,VER
30,Veracruz de Ignacio de la Llave,173,Tezonapa,VER
30,Veracruz de Ignacio de la Llave,174,Tierra Blanca,VER
30,Veracruz de Ignacio de la Llave,175,Tihuatlán,VER
30,Veracruz de Ignacio de la Llave,176,Tlacojalpan,VER
30,Veracruz de Ignacio de la Llave,177,Tlacolulan,VER
30,Veracruz de Ignacio de la Llave,178,Tlacotalpan,VER
30,Veracruz de Ignacio de la Llave,179,Tlacotepec de Mejía,VER
30,Veracruz de Ignacio de la Llave,180,Tlachichilco,VER
30,Veracruz de Ignacio de la Llave,181,Tlalixcoyan,VER
30,Veracruz de Ignacio de la Llave,182,Tlalnelhuayocan,VER
30,Veracruz de Ignacio de la Llave,183,Tlapacoyan,VER
30,Veracruz de Ignacio de la Llave,184,Tlaquilpa,VER
30,Veracruz de Ignacio de la Llave,185,Tlilapan,VER
30,Veracruz de Ignacio de la Llave,186,Tomatlán,VER
30,Veracruz de Ignacio de la Llave,187,Tonayán,VER
30,Veracruz de Ignacio de la Llave,188,Totutla,VER
30,Veracruz de Ignacio de la Llave,189,Tuxpan,VER
30,Veracruz de Ignacio de la Llave,190,Tuxtilla,VER
30,Veracruz de Ignacio de la Llave,191,Ursulo Galván,VER
30,Veracruz de Ignacio de la Llave,192,Vega de Alatorre,VER
30,Veracruz de Ignacio de la Llave,193,Veracruz,VER
30,Veracruz de Ignacio de la Llave,194,Villa Aldama,VER
30,Veracruz de Ignacio de la Llave,195,Xoxocotla,VER
30,Veracruz de Ignacio de la Llave,196,Yanga,VER
30,Veracruz de Ignacio de la Llave,197,Yecuatla,VER
30,Veracruz de Ignacio de la Llave,198,Zacualpan,VER
30,Veracruz de Ignacio de la Llave,199,Zaragoza,VER
30,Veracruz de Ignacio de la Llave,200,Zentla,VER
30,Veracruz de Ignacio de la Llave,201,Zongolica,VER
30,Veracruz de Ignacio de la Llave,202,Zontecomatlán de López y Fuentes,VER
30,Veracruz de Ignacio de la Llave,203,Zozocolco de Hidalgo,VER
30,Veracruz de Ignacio de la Llave,204,Agua Dulce,VER
30,Veracruz de Ignacio de la Llave,205,El Higo,VER
30,Veracruz de Ignacio de la Llave,206,Nanchital de Lázaro Cárdenas del Río,VER
30,Veracruz de Ignacio de la Llave,207,Tres Valles,VER
30,Veracruz de Ignacio de la Llave,208,Carlos A. Carrillo,VER
30,Veracruz de Ignacio de la Llave,209,Tatahuicapan de Juárez,VER
30,Veracruz de Ignacio de la Llave,210,Uxpanapa,VER
30,Veracruz de Ignacio de la Llave,211,San Rafael,VER
30,Veracruz de Ignacio de la Llave,212,Santiago Sochiapan,VER
31,Yucatán,001,Abalá,YUC
31,Yucatán,002,Acanceh,YUC
31,Yucatán,003,Akil,YUC
31,Yucatán,004,Baca,YUC
31,Yucatán,005,Bokobá,YUC
31,Yucatán,006,Buctzotz,YUC
31,Yucatán,007,Cacalchén,YUC
31,Yucatán,008,Calotmul,YUC
31,Yucatán,009,Cansahcab,YUC
31,Yucatán,010,Cantamayec,YUC
31,Yucatán,011,Celestún,YUC
31,Yucatán,012,Cenotillo,YUC
31,Yucatán,013,Conkal,YUC
31,Yucatán,014,Cuncunul,YUC
31,Yucatán,015,Cuzamá,YUC
31,Yucatán,016,Chacsinkín,YUC
31,Yucatán,017,Chankom,YUC
31,Yucatán,018,Chapab,YUC
31,Yucatán,019,Chemax,YUC
31,Yucatán,020,Chicxulub Pueblo,YUC
31,Yucatán,021,Chichimilá,YUC
31,Yucatán,022,Chikindzonot,YUC
31,Yucatán,023,Chocholá,YUC
31,Yucatán,024,Chumayel,YUC
31,Yucatán,025,Dzán,YUC
31,Yucatán,026,Dzemul,YUC
31,Yucatán,027,Dzidzantún,YUC
31,Yucatán,028,Dzilam de Bravo,YUC
31,Yucatán,029,Dzilam González,YUC
31,Yucatán,030,Dzitás,YUC
31,Yucatán,031,Dzoncauich,YUC
31,Yucatán,032,Espita,YUC
31,Yucatán,033,Halachó,YUC
31,Yucatán,034,Hocabá,YUC
31,Yucatán,035,Hoctún,YUC
31,Yucatán,036,Homún,YUC
31,Yucatán,037,Huhí,YUC
31,Yucatán,038,Hunucmá,YUC
31,Yucatán,039,Ixil,YUC
31,Yucatán,040,Izamal,YUC
31,Yucatán,041,Kanasín,YUC
31,Yucatán,042,Kantunil,YUC
31,Yucatán,043,Kaua,YUC
31,Yucatán,044,Kinchil,YUC
31,Yucatán,045,Kopomá,YUC
31,Yucatán,046,Mama,YUC
31,Yucatán,047,Maní,YUC
31,Yucatán,048,Maxcanú,YUC
31,Yucatán,049,Mayapán,YUC
31,Yucatán,050,Mérida,YUC
31,Yucatán,051,Mocochá,YUC
31,Yucatán,052,Motul,YUC
31,Yucatán,053,Muna,YUC
31,Yucatán,054,Muxupip,YUC
31,Yucatán,055,Opichén,YUC
31,Yucatán,056,Oxkutzcab,YUC
31,Yucatán,057,Panabá,YUC
31,Yucatán,058,Peto,YUC
31,Yucatán,059,Progreso,YUC
31,Yucatán,060,Quintana Roo,YUC
31,Yucatán,061,Río Lagartos,YUC
31,Yucatán,062,Sacalum,YUC
31,Yucatán,063,Samahil,YUC
31,Yucatán,064,Sanahcat,YUC
31,Yucatán,065,San Felipe,YUC
31,Yucatán,066,Santa Elena,YUC
31,Yucatán,067,Seyé,YUC
31,Yucatán,068,Sinanché,YUC
31,Yucatán,069,Sotuta,YUC
31,Yucatán,070,Sucilá,YUC
31,Yucatán,071,Sudzal,YUC
31,Yucatán,072,Suma,YUC
31,Yucatán,073,Tahdziú,YUC
31,Yucatán,074,Tahmek,YUC
31,Yucatán,075,Teabo,YUC
31,Yucatán,076,Tecoh,YUC
31,Yucatán,077,Tekal de Venegas,YUC
31,Yucatán,078,Tekantó,YUC
31,Yucatán,079,Tekax,YUC
31,Yucatán,080,Tekit,YUC
31,Yucatán,081,Tekom,YUC
31,Yucatán,082,Telchac Pueblo,YUC
31,Yucatán,083,Telchac Puerto,YUC
31,Yucatán,084,Temax,YUC
31,Yucatán,085,Temozón,YUC
31,Yucatán,086,Tepakán,YUC
31,Yucatán,087,Tetiz,YUC
31,Yucatán,088,Teya,YUC
31,Yucatán,089,Ticul,YUC
31,Yucatán,090,Timucuy,YUC
31,Yucatán,091,Tinum,YUC
31,Yucatán,092,Tixcacalcupul,YUC
31,Yucatán,093,Tixkokob,YUC
31,Yucatán,094,Tixmehuac,YUC
31,Yucatán,095,Tixpéhual,YUC
31,Yucatán,096,Tizimín,YUC
31,Yucatán,097,Tunkás,YUC
31,Yucatán,098,Tzucacab,YUC
31,Yucatán,099,Uayma,YUC
31,Yucatán,100,Ucú,YUC
31,Yucatán,101,Umán,YUC
31,Yucatán,102,Valladolid,YUC
31,Yucatán,103,Xocchel,YUC
31,Yucatán,104,Yaxcabá,YUC
31,Yucatán,105,Yaxkukul,YUC
31,Yucatán,106,Yobaín,YUC
32,Zacatecas,001,Apozol,ZAC
32,Zacatecas,002,Apulco,ZAC
32,Zacatecas,003,Atolinga,ZAC
32,Zacatecas,004,Benito Juárez,ZAC
32,Zacatecas,005,Calera,ZAC
32,Zacatecas,006,Cañitas de Felipe Pescador,ZAC
32,Zacatecas,007,Concepción del Oro,ZAC
32,Zacatecas,008,Cuauhtémoc,ZAC
32,Zacatecas,009,Chalchihuites,ZAC
32,Zacatecas,010,Fresnillo,ZAC
32,Zacatecas,011,Trinidad García de la Cadena,ZAC
32,Zacatecas,012,Genaro Codina,ZAC
32,Zacatecas,013,General Enrique Estrada,ZAC
32,Zacatecas,014,General Francisco R. Murguía,ZAC
32,Zacatecas,015,El Plateado de Joaquín Amaro,ZAC
32,Zacatecas,016,General Pánfilo Natera,ZAC
32,Zacatecas,017,Guadalupe,ZAC
32,Zacatecas,018,Huanusco,ZAC
32,Zacatecas,019,Jalpa,ZAC
32,Zacatecas,020,Jerez,ZAC
32,Zacatecas,021,Jiménez del Teul,ZAC
32,Zacatecas,022,Juan Aldama,ZAC
32,Zacatecas,023,Juchipila,ZAC
32,Zacatecas,024,Loreto,ZAC
32,Zacatecas,025,Luis Moya,ZAC
32,Zacatecas,026,Mazapil,ZAC
32,Zacatecas,027,Melchor Ocampo,ZAC
32,Zacatecas,028,Mezquital del Oro,ZAC
32,Zacatecas,029,Miguel Auza,ZAC
32,Zacatecas,030,Momax,ZAC
32,Zacatecas,031,Monte Escobedo,ZAC
32,Zacatecas,032,Morelos,ZAC
32,Zacatecas,033,Moyahua de Estrada,ZAC
32,Zacatecas,034,Nochistlán de Mejía,ZAC
32,Zacatecas,035,Noria de Ángeles,ZAC
32,Zacatecas,036,Ojocaliente,ZAC
32,Zacatecas,037,Pánuco,ZAC
32,Zacatecas,038,Pinos,ZAC
32,Zacatecas,039,Río Grande,ZAC
32,Zacatecas,040,Sain Alto,ZAC
32,Zacatecas,041,El Salvador,ZAC
32,Zacatecas,042,Sombrerete,ZAC
32,Zacatecas,043,Susticacán,ZAC
32,Zacatecas,044,Tabasco,ZAC
32,Zacatecas,045,Tepechitlán,ZAC
32,Zacatecas,046,Tepetongo,ZAC
32,Zacatecas,047,Teúl de González Ortega,ZAC
32,Zacatecas,048,Tlaltenango de Sánchez Román,ZAC
32,Zacatecas,049,Valparaíso,ZAC
32,Zacatecas,050,Vetagrande,ZAC
32,Zacatecas,051,Villa de Cos,ZAC
32,Zacatecas,052,Villa García,ZAC
32,Zacatecas,053,Villa González Ortega,ZAC
32,Zacatecas,054,Villa Hidalgo,ZAC
32,Zacatecas,055,Villanueva,ZAC
32,Zacatecas,056,Zacatecas,ZAC
32,Zacatecas,057,Trancoso,ZAC
32,Zacatecas,058,Santa María de la Paz,ZAC
00,Nacional,000,Nacional,NAC
